name,class,z,u-r,x_c,y_c,ns,r_s,q,phi,psi_11,psi_12,psi_22,psi_111,psi_112,psi_122,psi_222,rchi2,F1_fit,F2_fit,a,Q111,Q112,Q122,Q222,F1_HOLICs,F2_HOLICs,mask_flag,checkFit_flag,noisemap_masked_mean,noisemap_masked_stdv,noisemap_masked_skew,noisemap_masked_kurtosis
COSMOS_23,spiral,3.763,0.83,-0.186534816,-0.487373428,0.893428512,2.321657848,1.270790625,-0.664115067,0,0,0,-0.014503139,-0.009418455,-0.00482651,-0.017304304,0.3837047,-0.009664825,-0.013361379,6.167237021,-17.45088637,-6.792760343,-19.41712654,-11.48894338,-0.015972072,-0.01703469,0,1,0.00012127,0.000645335,5.161536675,24.80680079
COSMOS_283,spiral,0.19,2.16,-5.522129192,-1.824594045,0.396401589,6.113375505,4.181367341,-0.290156457,0,0,0,0.004146455,0.003888366,0.014286902,0.032933252,0.400783811,0.009216679,0.018410809,16.56352142,1436.038317,-393.9398477,122.4670481,40.32362144,-0.003905191,-0.009620801,0,1,0.00075041,0.001465045,1.454736351,0.154835617
COSMOS_447,spiral,0.71,0.64,-2.275733777,-4.608737419,0.1,13.2618289,1,-0.171509152,0,0,0,-0.023099648,-0.009340532,0.019863014,0.02299765,0.404381466,-0.001618317,0.006828559,11.44673903,102.4338516,45.54980748,-36.97772808,-35.09973215,0.002346307,0.001631939,0,1,0.000335335,0.000885812,2.270207176,3.176308897
COSMOS_610,spiral,3.8458,0.95,1.80784814,-0.652790216,1.338016396,2.205036173,1.534412237,0.013952168,0,0,0,-0.024347676,-0.003497533,-0.003772102,-0.007459469,0.424973449,-0.014059889,-0.005478501,13.10195629,-390.4701042,2.096560523,-118.654932,186.0287341,-0.007469947,0.004217369,0,1,0.000670488,0.001688373,2.151974936,2.726582567
COSMOS_611,spiral,1.4791,0.37,-1.70520311,-1.620866245,1.089426322,2.134203235,2.397575063,-1.628131445,0,0,0,-0.007633433,-0.003011279,0.009785465,-0.002606387,0.324601102,0.001076016,-0.002808833,10.02680683,-245.2805307,15.178967,-17.27467467,-132.8494848,0.012735267,0.007632538,0,0,0.000349009,0.001186029,3.142552499,8.033526633
COSMOS_963,early,0.19,2.08,-2.779649355,-1.306836078,1.421268426,1.12400067,1.343060372,1.055129255,0,0,0,0.007388385,-0.003155107,0.009380182,-0.000472,0.487059043,0.008384284,-0.001813554,7.630966228,-21.77883018,-8.600051309,5.34483668,-8.580899192,-0.003829331,-0.002080986,0,0,0.000165312,0.000736589,4.24112657,16.03517698
COSMOS_1157,spiral,0.389,1.7,-1.060265581,-0.829413908,0.940717986,3.89940227,1.528833002,-1.356855696,0,0,0,-0.012680051,-0.005978248,-0.001563273,-0.003716956,0.452839029,-0.007121662,-0.004847602,10.59171079,-45.47073714,-23.9188397,-12.23671678,-13.96163177,-0.003052385,-0.001581979,0,0,0.00027761,0.000893095,2.923104318,6.605323084
COSMOS_1331,early,1.247,2.39,-2.180337427,-0.713780749,2.338651701,0.250269978,1.254093635,1.410274338,0,0,0,0.004554775,-0.004900975,0.0030308,-0.006224836,0.894004912,0.003792787,-0.005562905,12.53355061,22.90487117,14.42518033,0.058139528,52.9029081,0.000468298,0.000869989,0,0,0.000377281,0.001014771,2.329382255,3.463189655
COSMOS_1349,early,0.9,2.33,-1.590411656,-1.172952918,1.958822473,0.526282043,1.353513889,-0.882262875,0,0,0,-0.000972712,-0.000961802,0.001301535,-0.003399625,0.939824845,0.000164412,-0.002180714,11.99574272,13.24256902,-19.66533109,20.9494006,-28.10885545,0.000418236,-0.000636978,0,0,0.000329264,0.000925772,2.46530996,4.108287338
COSMOS_1124,spiral,2.773,1.23,-0.914788694,-1.959530368,0.831120102,4.310861534,2.011793866,-0.995553133,0,0,0,0.007294057,0.003785703,0.006285654,0.003079759,0.32675917,0.006789855,0.003432731,11.64416222,-51.05904039,-11.76107252,182.5797962,407.9828136,-0.006835725,0.017687901,0,0,0.000408549,0.001225462,2.68731288,5.295697439
COSMOS_1167,spiral,1.825,1.98,-1.04752782,-1.664881032,1.709963504,0.704024051,1.346178843,-0.952294467,0,0,0,-0.006479416,-0.003424307,0.007474352,-0.012147512,0.324247834,0.000497468,-0.007785909,8.216418058,-55.06100843,-17.51353333,-9.866665089,12.89921622,-0.009758242,-0.000507042,0,0,0.000207844,0.000839606,3.813363316,12.63884342
COSMOS_1225,spiral,0.692,1.88,-2.468494262,-1.275463677,1.176239245,2.077574173,1.954862521,-0.318127221,0,0,0,-0.006109414,0.002432589,0.014396951,0.026379096,0.347963644,0.004143769,0.014405842,10.83930208,51.35265338,-36.44786798,-18.04824573,37.36538347,0.000460167,0.000118351,0,1,0.00028006,0.000884203,2.851376101,6.170738362
COSMOS_1894,early,0.93,2.44,-3.244652073,-2.105751472,2.222615878,0.386480344,1.186819479,-0.083981017,0,0,0,0.002721173,-5.74E-05,0.003208392,-0.004709277,0.614493304,0.002964783,-0.002383327,14.17719585,64.47497072,-4.091083401,10.18791702,-28.45326297,0.000625671,-0.00028758,0,0,0.000454224,0.001086133,1.983837624,1.967353748
COSMOS_1254,spiral,2.229,0.71,-2.491595318,-1.693185248,0.678299819,2.111530822,2.222777369,1.008241976,0,0,0,0.048383703,-0.009207581,0.013435306,0.01155643,0.43812517,0.030909504,0.001174425,5.169784893,12.73250599,0.158840701,0.441809394,-0.476939006,0.013697502,-0.000734134,0,1,7.84E-05,0.00051423,6.42905449,39.46750227
COSMOS_1277,spiral,1.395,0.98,-2.941707751,-0.696554914,1.110424998,2.345439842,1.775165747,1.570949597,0,0,0,0.005722663,0.003751645,0.004940085,-0.008128017,0.389813453,0.005331374,-0.002188186,8.985057803,5.160001013,-15.1829142,17.93000103,-112.8897367,0.005212035,-0.006617439,0,0,0.000191441,0.000745679,3.656746931,11.45031428
COSMOS_1308,early,0.511,1.31,-2.234053536,-1.650355903,1.627190975,0.702794885,1.229730713,0.421895066,0,0,0,-0.002077695,0.006258974,0.001744711,-0.015625448,0.694561174,-0.000166492,-0.004683237,7.6230033,14.7239044,-0.248442748,3.29388225,-16.82669276,0.001767072,-0.002040276,0,0,0.000167577,0.000751835,4.287654724,16.50025036
COSMOS_1535,early,1.75,2.18,-2.945622845,-2.389106137,2.093852786,0.305733334,1.091042126,0.119782982,0,0,0,0.013789664,-0.000577312,-0.003465586,0.000262819,0.547140721,0.005162039,-0.000157247,8.134605591,6.304470404,-3.645532874,2.4409091,10.68435775,0.000797566,0.000812992,0,0,0.000137528,0.000632715,4.393211509,17.35007375
COSMOS_1309,early,0.313,1.39,-3.041444577,-1.368330243,0.981278634,2.46569184,1.140051,0.099780658,0,0,0,0.013464588,-0.000165822,0.00679024,0.000857056,0.506823258,0.010127414,0.000345617,6.730047571,-5.125224572,-0.601074044,-9.266981979,-2.288614797,-0.002969507,-0.001209592,0,0,0.000117187,0.000587489,4.833385118,21.4678523
COSMOS_1598,early,0.686,2.44,-1.686124604,-0.966059193,1.892867091,0.690791118,1.337085274,0.304095883,0,0,0,0.007936724,0.000252628,0.00271091,0.003030098,0.592919816,0.005323817,0.001641363,12.8693477,30.14559991,41.2250847,-32.99959859,85.66140964,-0.000246648,0.001958131,0,0,0.000434364,0.001157603,2.301614019,3.334986436
COSMOS_1948,early,1.692,2.26,-0.385321204,-0.971612643,2.42531036,0.209477728,1.189707576,-0.329424213,0,0,0,-0.008712855,-0.003947269,-0.00477709,-0.006891904,0.994731448,-0.006744972,-0.005419587,11.472929,-101.5878085,-38.26702786,-43.19710044,61.65757701,-0.003469471,0.000444542,0,0,0.000468569,0.001447536,2.79931211,5.960216675
COSMOS_1528,spiral,0.692,1.25,0.658438032,-4.547420874,0.295420766,14.14054985,1.001198448,-0.868640957,0,0,0,-0.016098104,-0.001260651,-0.007724128,0.028813873,0.390227674,-0.011911116,0.013776611,13.40820553,-116.612931,-7.785136198,-13.0751794,679.0558716,-0.000993138,0.02420786,0,1,0.000439008,0.001165465,2.28994891,3.281586926
COSMOS_1806,early,0.891,2.26,-2.451152169,-1.190632423,1.990235048,0.434308472,1.157441661,0.683767369,0,0,0,0.010949431,-0.000916782,0.003358474,-0.011499149,1.052508731,0.007153953,-0.006207965,10.13788,12.23717476,-3.48853591,11.78321727,24.7064979,0.000846149,0.000695031,0,0,0.000239279,0.000820541,3.150911412,7.979719629
COSMOS_1498,early,0.744,0.26,-0.529633698,-0.942286404,1.612336815,0.399772623,1.095060982,0.252608741,0,0,0,-0.079067753,-0.015481405,0.034746507,-0.041419305,0.841681746,-0.022160623,-0.028450355,5.809410084,-74.05055373,-3.71334294,1.974008271,-4.194204131,-0.016128445,-0.014147812,0,1,0.000106658,0.000609952,5.566792566,29.12991456
COSMOS_1589,spiral,0.759,0.85,-1.511790831,0.064661971,0.399655187,4.204703773,2.226557079,-0.557441112,0,0,0,-0.022950192,-0.013457497,-0.028772468,-0.020998671,0.410721563,-0.02586133,-0.017228084,7.109311972,12.40468347,17.90687935,-8.962552003,9.172054088,0.012704643,-0.000298284,0,1,0.000145492,0.000709941,4.693672861,20.13206172
COSMOS_1664,spiral,0.846,1.59,-3.046756192,-1.438915101,1.250306422,1.895389021,1.621680084,-0.936957368,0,0,0,0.008104918,0.000317092,0.001966812,0.001055831,0.418506882,0.005035865,0.000686462,9.801450242,-5.250222721,-11.48571487,7.653977616,6.534308804,-0.00033148,-1.39E-05,0,0,0.000228078,0.000802883,3.248412452,8.600514803
COSMOS_1815,early,0.942,1.34,-0.198189984,-1.037324922,0.87488242,3.113203628,1.397020946,-1.279023043,0,0,0,-0.023124445,-0.002387304,-0.012476846,-0.014904905,1.019121464,-0.017800646,-0.008646105,7.93636285,-7.559927535,2.900723047,-17.334386,-9.35277067,-0.002698336,-0.000960991,0,1,0.000254726,0.001089688,4.07382591,14.75880601
COSMOS_1801,spiral,1.21,1.22,-1.243390668,-1.831592282,0.740418095,7.403753763,1.393997372,0.874300608,0,0,0,-0.010980035,0.007967738,0.000315756,0.002333228,0.3363989,-0.00533214,0.005150483,13.58959035,183.1235671,-15.40751639,-25.69752502,45.39950011,0.002142954,0.000719201,0,0,0.000456843,0.001181506,2.208993332,2.909524277
COSMOS_1885,early,0.6668,1.28,-2.091250785,-1.977178042,1.436537994,1.051187747,1.152432475,1.050535671,0,0,0,0.000433286,0.009330686,-0.001083404,-0.012506714,0.328125616,-0.000325059,-0.001588014,7.253505793,-40.22343036,-28.85104122,5.684792454,45.62012903,-0.009688852,-0.000626719,0,0,0.000130041,0.00061949,4.572967371,19.01087286
COSMOS_2244,early,0.99,2.4,-2.539300799,-1.655690848,1.381818649,1.444513934,1.491998254,0.541085,0,0,0,0.004675167,-0.002543022,0.004875511,-0.005030324,1.369497805,0.004775339,-0.003786673,9.96348703,7.542492484,-9.849567997,-3.890178086,4.461567693,0.000206746,-3.49E-05,0,0,0.000252025,0.000843438,3.058464967,7.394664797
COSMOS_2413,early,0.16,2.14,-3.024729282,-2.430036177,2.618412721,0.173894202,1.079571039,0.079070016,0,0,0,0.006257054,0.000826795,0.002050866,0.001439874,0.681038234,0.00415396,0.001133334,15.50485927,181.7249534,-29.83013515,18.21419055,-34.43205729,0.001201567,-0.000431309,0,0,0.000532438,0.00111538,1.62405439,0.655112169
COSMOS_2069,early,0.759,1.37,-2.760009029,-1.233843563,1.394624301,1.114913018,1.12849569,0.711124398,0,0,0,0.037462818,-0.008545031,0.004290912,-0.029360611,0.362779697,0.020876865,-0.018952821,7.186269977,65.93715556,-5.161031479,6.668560824,-30.41479259,0.010215548,-0.005755668,0,1,0.000128316,0.000616365,4.614617035,19.39447504
COSMOS_2241,early,1.06,2.23,-2.740285936,-1.286471447,1.988856724,0.507969307,1.14607995,0.472040248,0,0,0,-0.000838655,-0.0030156,0.005082239,-0.001199333,0.456559932,0.002121792,-0.002107466,10.1109796,-2.991670935,-15.36740863,25.538941,24.09624173,0.001186085,0.000344018,0,0,0.000232411,0.000813308,3.224682215,8.442082558
COSMOS_2154,spiral,1.24,0.69,-1.276751445,0.083338478,0.796852471,2.124412286,1.921602216,0.77829392,0,0,0,-0.001275362,-0.025052747,0.005017173,-0.034155177,0.426611463,0.001870906,-0.029603962,6.671352945,-27.51461846,-21.41594574,-28.44507512,-37.04978288,-0.008692874,-0.006255756,0,1,0.000118344,0.00059186,4.814246421,21.24767515
COSMOS_2178,spiral,3.04,0.84,-2.962525006,-2.556705169,0.924841663,2.255873796,2.218358962,0.665431906,0,0,0,0.013811101,0.005615508,0.006135591,0.003167543,0.382357585,0.009973346,0.004391525,8.416928544,104.7090731,30.48880831,48.0078887,0.192831371,0.014069772,-0.008943639,0,1,0.000191157,0.000774344,3.824341985,12.71719966
COSMOS_2513,spiral,1.22,1.43,-0.424456824,-1.829473762,0.801378429,11.49282256,1.168701973,-1.129706935,0,0,0,-0.002700759,-0.001625805,-0.004431592,0.000188453,0.376925323,-0.003566176,-0.000718676,17.87177295,-18.73947191,-195.8527337,-183.3645475,648.4896882,-0.002792755,0.003747035,0,0,0.001195873,0.001920765,1.002128027,-0.950090517
COSMOS_2293,spiral,0.25,1.49,-1.904563883,-2.304073482,1.414211845,1.18839309,1.574491455,-1.425748531,0,0,0,0.001672042,0.008437194,-0.005798139,0.012103719,0.357303157,-0.002063049,0.010270456,8.696279762,-24.23579344,-21.07946425,-21.98099851,17.14461437,-0.007386674,-0.002376893,0,1,0.000187786,0.000794808,4.018432495,14.25099126
COSMOS_2363,spiral,0.66,1.23,-1.408132913,-2.524231506,0.843754275,2.822082478,2.148961355,1.144900066,0,0,0,-0.002808082,0.00315716,0.009671594,0.008969624,0.358058355,0.003431756,0.006063392,9.116052431,37.26537264,24.83499921,48.12720761,56.90182984,0.005936591,0.000675203,0,1,0.000280573,0.001033085,3.42587498,9.800253782
COSMOS_2327,spiral,2.22,1.15,-2.002299906,-1.764255456,1.168264803,1.707226875,1.35111636,0.023614297,0,0,0,-0.012527782,0.020377851,-0.006317607,-0.001734026,0.327482887,-0.009422695,0.009321913,7.451093012,-12.45225453,26.73844988,-3.276293134,-9.944671579,-0.002263116,0.000702108,0,1,0.000174196,0.000764423,4.183562863,15.6098612
COSMOS_2566,spiral,1.44,1.12,-0.187585827,-1.880160971,0.680085924,4.240154322,1.955211903,1.692147925,0,0,0,-0.01373097,-0.000701669,0.004069075,0.00829761,0.333180113,-0.004830948,0.00379797,13.11309768,-195.4782496,113.683907,426.5713818,1736.182103,-0.015594358,0.008041155,0,0,0.000660114,0.001744503,2.341735821,3.773100148
COSMOS_2734,early,1.224,2.25,-1.439558861,-1.895806845,2.149596372,0.415570772,1.202926737,-1.607766398,0,0,0,0.005233444,-0.001766663,0.000724116,-0.008081014,0.456189719,0.00297878,-0.004923838,11.60520387,-9.273873335,-16.15920603,-3.585574156,-23.1172628,-0.000354533,-0.000825715,0,0,0.000302074,0.000920617,2.728512865,5.476606578
COSMOS_2935,spiral,0.83,1.59,-2.601608026,-2.797250165,0.674702191,4.330736156,3.206487584,0.961726693,0,0,0,0.005252281,0.003893241,-0.003732466,0.004113257,0.472913274,0.000759907,0.004003249,14.29717356,118.9963806,110.2696481,73.05342943,-71.81555266,0.001909297,-0.000735836,0,0,0.000533269,0.001270532,1.984735439,2.006042066
COSMOS_2929,spiral,0.208,1.33,-2.778201884,-1.625586287,0.917671356,2.960248121,1.156846232,-0.144866747,0,0,0,0.011814969,0.003158504,0.002746288,0.019227365,0.416441252,0.007280629,0.011192935,7.664941753,-3.047918576,-20.44706736,14.65418997,-11.35537441,-5.12E-05,-0.002583377,0,0,0.000172483,0.000760408,4.200114135,15.72990959
COSMOS_3319,spiral,0.63,2.13,-1.013478742,-1.618564736,2.02276376,0.645462433,1.232080621,0.266569328,0,0,0,0.003814906,0.004026755,-0.003002713,-0.001077418,0.35756518,0.000406096,0.001474669,12.88001185,110.4295371,39.66980438,54.75750966,-22.32250889,0.003003079,0.000288482,0,0,0.000349916,0.001057038,2.713549243,5.44562293
COSMOS_2998,spiral,0.974,0.61,-2.619566618,-1.185505705,1.180822599,1.470560976,1.621838594,0.906690646,0,0,0,0.034703876,-0.006461137,-0.000319207,-0.011940926,0.43642552,0.017192335,-0.009201031,6.885335733,15.19614525,-4.917859464,-8.926176244,4.472046139,0.003583466,-0.000142367,0,1,0.000114757,0.000625879,5.296652742,26.20652276
COSMOS_3327,spiral,1.496,0.82,2.345090975,-0.607962153,1.181414186,1.83283532,1.1189053,2.375552762,0,0,0,-0.042727808,0.006365436,-0.012509107,-0.047062721,0.340390348,-0.027618457,-0.020348643,8.032907105,-110.3259352,21.13417071,-13.90444119,-98.81778657,-0.019408688,-0.005079721,0,1,0.000180608,0.000784181,4.137012343,15.24091619
COSMOS_3324,spiral,0.66,2.41,-1.2664439,-0.973496651,0.680171966,3.671656056,2.063724359,-0.532209878,0,0,0,-0.005046913,0.004733101,-0.000293379,0.005769977,0.376163731,-0.002670146,0.005251539,8.870310795,-32.43768551,34.57083895,-10.3129068,-8.208511661,-0.000177824,-0.00068302,0,0,0.000169927,0.000677536,3.745078387,12.063759
COSMOS_3647,spiral,3.104,1.43,-0.190513124,-1.111152704,0.964289153,3.725475567,1.063139943,-1.745755399,0,0,0,0.00341634,0.007105876,-0.005733283,0.003151938,0.359280831,-0.001158471,0.005128907,9.079104227,36.28892639,17.03990688,-0.318757314,-26.74873679,0.002567518,-0.000603015,0,0,0.000166936,0.000674663,3.808128193,12.56451264
COSMOS_3994,spiral,0.857,1.67,-0.973863297,-0.275994692,0.708967123,4.516423874,2.507718731,0.333833013,0,0,0,-0.002110418,-0.002641179,0.004071392,-0.019098775,0.463036252,0.000980487,-0.010869977,13.09881031,-41.66573809,-2.340418747,-17.23169304,-22.88429429,-0.000807513,-0.000775641,0,0,0.0004131,0.001052278,2.164826661,2.718592953
COSMOS_3991,early,0.639,1.86,-0.679502361,-0.852681013,1.368517344,2.130850141,1.128083567,0.753097514,0,0,0,0.001294011,-0.00048825,-0.00271639,-0.008202083,0.418414425,-0.000711189,-0.004345167,9.979358531,8.446525737,-17.53101863,6.509930967,-10.87081915,0.000599603,-0.001365558,0,0,0.000390665,0.001499333,3.728740388,12.60236399
COSMOS_4081,spiral,1.569,1.04,-1.431598129,-2.248931711,0.733431396,3.149890802,1.047598681,-2.044920863,0,0,0,0.039937385,-0.022962658,-0.044508138,0.034541316,0.340646754,-0.002285377,0.005789329,6.760901178,-49.91238378,-26.18479219,-21.20852329,28.99880791,-0.042781381,-0.010466813,0,1,0.000127433,0.000661727,5.017711824,23.27691449
COSMOS_4192,early,0.7347,2.1,-1.824770324,-1.179437401,2.579071948,0.123446714,1.141620554,0.267744277,0,0,0,0.016296965,-0.001950584,0.001353464,-0.009765798,0.47147142,0.008825215,-0.005858191,11.38880753,11.74461097,-5.670603486,31.4185631,-7.418414718,0.000963607,-0.000535341,0,0,0.00047767,0.001440449,2.714180588,5.477232374
COSMOS_4091,early,1.023,0.63,0.857034328,-0.483568895,1.096821204,2.509494198,1.123827319,1.125561397,0,0,0,-0.027105914,-0.014023199,-0.003867668,-0.015106266,0.399153258,-0.015486791,-0.014564733,8.206851321,-30.50000622,6.876996115,-7.979760157,25.77259565,-0.005151475,0.004744769,0,1,0.000132878,0.00060465,4.347437836,16.98182178
COSMOS_4149,spiral,3.005,1.3,0.722936928,-3.030326192,0.840470897,4.714893533,2.629944644,-0.328046107,0,0,0,0.001248545,0.004265856,-0.002721844,0.002446688,0.339722465,-0.000736649,0.003356272,15.01015027,308.1867923,-22.50225159,13.4545326,-40.39389405,-0.008094942,-0.003610198,0,0,0.000448796,0.001037884,1.891222765,1.608196181
COSMOS_4649,early,2.4,1.71,-0.311219555,-2.925728637,2.258566294,0.734864882,1.142285497,1.369956065,0,0,0,0.002628914,0.001136953,-0.002211233,-0.000188844,0.792249922,0.00020884,0.000474054,24.53913177,504.389053,290.4152137,-80.55506272,1304.680002,0.001677942,0.001384109,0,0,0.001521424,0.001427133,-0.116894346,-1.963202984
COSMOS_4301,spiral,1.31,0.84,0.509069778,-0.720167035,1.137285254,3.244466785,1.17190461,-0.642994583,0,0,0,-0.017371312,-0.00782522,0.001593,0.006714599,0.357584341,-0.007889156,-0.00055531,9.34072978,-73.75375742,-54.27825736,66.97558992,-148.743092,-0.008273128,-0.017754348,0,0,0.000219825,0.000758109,3.16807268,8.072536761
COSMOS_4323,spiral,1.23,0.57,-0.323026521,-2.950288362,1.107358546,1.836621598,3.422320714,-1.315853251,0,0,0,0.001450823,0.012502355,-0.002971557,0.019427264,0.390478643,-0.000760367,0.01596481,18.51894214,-504.3298287,943.6120884,-2037.829598,5684.079369,0.018643208,0.017256847,0,1,0.000533718,0.001312374,2.08461841,2.437690592
COSMOS_4433,spiral,0.21,1.95,-0.889090667,-1.113971396,1.163546222,1.981221646,2.308969563,-0.905396967,0,0,0,-0.001425571,-0.010110355,-0.004532083,-0.001519489,0.329595469,-0.002978827,-0.005814922,11.46804485,13.3632084,-97.40439361,51.89615132,19.87334046,-0.007450226,0.000666635,0,0,0.000433891,0.001385621,2.912537448,6.605337231
COSMOS_4556,spiral,0.734,1.27,-1.69347311,-2.403165994,0.458328747,6.828490971,1.613814443,0.014916466,0,0,0,0.007634345,-0.004526479,0.000222719,0.011993189,0.410876485,0.003928532,0.003733355,9.623339171,53.90160918,-23.81179983,-11.52864268,52.09132495,0.000625166,0.005276544,0,0,0.000224209,0.000769293,3.150164726,7.963813962
COSMOS_4682,early,0.18,1.07,-2.3089607,-1.884657164,0.929692576,2.057574909,1.046175999,0.95565112,0,0,0,-0.004760314,0.007967864,0.01577698,-0.020784722,0.412284486,0.005508333,-0.006408429,6.587025683,-74.26826587,-21.72481563,3.34198097,-3.36963988,-0.011358728,-0.002695796,0,1,0.000139249,0.000689962,4.787383393,21.10607388
COSMOS_4752,spiral,1.566,0.99,-1.466994732,-0.8709296,0.758671817,3.338639361,1.532489641,-1.818943479,0,0,0,0.014102456,0.012520259,-0.004470629,-0.003255075,0.415214096,0.004815914,0.004632592,7.651324199,10.10763455,13.06897253,-2.190955021,-0.309152276,0.00183807,0.002184321,0,1,0.000107865,0.000505183,4.485837876,18.20313877
COSMOS_4875,spiral,1.435,2.05,-1.340968184,-2.450630766,1.906129806,0.554304883,1.231638829,0.231132002,0,0,0,0.017154357,-0.007058452,0.004394064,-0.010166525,0.477379272,0.010774211,-0.008612488,9.324779016,-9.567380978,10.4504264,-12.91615899,88.26980291,-0.001069758,0.005726937,0,1,0.000218301,0.000849746,3.65199268,11.40774277
COSMOS_4862,spiral,0.74,1.52,-2.77455794,-1.114350054,0.727114145,3.09205208,1.938414263,-1.051331689,0,0,0,-0.00099973,0.0083281,0.010142053,0.009886871,0.30180106,0.004571161,0.009107486,7.106755914,15.66131728,-36.12281863,-13.03067185,28.71978758,-0.005803515,-0.01128302,0,1,0.000137931,0.000659835,4.59732138,19.25190614
COSMOS_5106,early,0.73,2.05,-2.920272124,-1.963355381,1.41465153,1.258082562,1.206181339,0.508014975,0,0,0,0.013257627,-0.000612371,0.01285739,-0.010570561,0.333376925,0.013057509,-0.005591466,8.555210566,10.40363589,-7.253800453,17.62700301,-53.8223414,0.001854473,-0.004832674,0,1,0.000154164,0.00063668,3.898696941,13.24925748
COSMOS_5040,early,1.2715,1.09,-1.648374352,-1.885425828,1.298679432,1.132526751,1.379522253,0.187563535,0,0,0,-0.012491217,0.009027214,0.001015604,0.0051349,0.386487713,-0.005737806,0.007081057,6.587286576,-22.67394989,26.63481545,-4.033189699,5.075015921,-0.008401208,0.00565553,0,0,0.00010298,0.000529263,4.953729524,22.58880252
COSMOS_5168,early,1.73,1.28,-1.627961463,-0.674821178,1.597470067,0.968403667,1.71605884,0.74733108,0,0,0,0.01426566,0.001366929,0.005303567,-0.009610265,0.941936225,0.009784614,-0.004121668,11.33380435,-73.76263856,-26.35750742,-60.582592,-134.4856524,-0.002765496,-0.002694398,0,0,0.000365328,0.001077647,2.625302011,4.942793898
COSMOS_5262,early,1.5091,2.15,-2.22662531,-1.33607423,1.751758173,0.73904919,1.054366166,-1.563922931,0,0,0,0.001157236,-0.000154161,0.001354888,0.000984449,0.488317154,0.001256062,0.000415144,8.400484657,-16.4730701,2.855408469,6.678256254,5.730282756,-0.000763572,0.000789889,0,0,0.000173305,0.000732627,4.009759717,14.16540585
COSMOS_5431,spiral,0.86,0.52,-2.610350669,-3.745269209,0.505308584,4.993631213,1.437968057,0.876527187,0,0,0,0.035046866,0.012361271,-0.007155256,0.047196499,0.37227841,0.013945805,0.029778885,8.096059312,44.90065434,12.22212831,25.79288769,121.7934588,-0.044520912,0.005312669,0,1,0.000144468,0.000624909,4.109332223,14.9564178
COSMOS_5514,spiral,2.137,2.09,-1.151192986,-2.214372668,0.579809326,6.167813028,1.383636106,-1.027465268,0,0,0,-0.020387393,0.002705701,-0.006434162,-0.012383707,0.491575189,-0.013410777,-0.004839003,10.10946863,4.584655435,2.448837159,13.46109914,7.085522143,0.000802161,0.000835016,0,1,0.000232295,0.000785284,3.095078684,7.618399831
COSMOS_5463,spiral,2.165,1.49,-1.807524136,-2.124329117,0.907573067,2.497206956,2.028714333,-1.102203548,0,0,0,0.007976062,0.018138015,0.002758969,0.007041056,0.379376927,0.005367516,0.012589535,8.357160131,-44.23121552,19.89704723,9.617626579,68.46360164,0.00338489,0.017164218,0,1,0.000212927,0.00084281,3.723413026,11.94428332
COSMOS_5641,early,0.209,2.34,-1.849027839,-2.216982022,2.137027818,0.401216244,1.17558806,0.961679885,0,0,0,0.001060837,-0.000615613,0.00263066,-0.002743347,0.629802913,0.001845749,-0.00167948,11.34107895,8.961588783,-43.02246869,4.166340261,-27.99177881,0.000753626,-0.001692981,0,0,0.000301246,0.000893391,2.639938441,5.008657402
COSMOS_5624,spiral,1.525,1.94,-2.227088534,-1.310305623,1.301129988,1.327130481,1.282460935,-0.818855662,0,0,0,0.011673871,-0.004187366,0.001320002,-0.002991699,0.392868755,0.006496936,-0.003589533,7.142536937,37.85964823,12.24440813,8.17641795,14.4114367,0.008717489,0.005201989,0,0,0.000122447,0.000580804,4.540874516,18.66204611
COSMOS_5705,spiral,1.8102,1.95,-2.263375537,-2.852891232,2.708475017,0.13902212,1.133243203,-0.432422168,0,0,0,-0.002646054,0.001034943,0.001875646,-0.015523347,0.368501522,-0.000385204,-0.007244202,10.38356699,-26.78081073,-0.756884988,-23.19987394,-25.57197795,-0.002606808,-0.001840916,0,0,0.000213949,0.000842606,3.708998198,11.86466073
COSMOS_6326,early,0.509,2.38,-1.539662462,1.089153929,1.867542978,0.886241166,1.571968499,-0.776172961,0,0,0,-0.004332262,-0.000788899,-0.000469679,-0.007305396,0.708461498,-0.00240097,-0.004047147,16.64587817,-45.9341983,-87.23319124,114.1816582,-206.1607004,-3.58E-05,-0.001206535,0,0,0.000900117,0.001728115,1.420224096,0.071980261
COSMOS_5831,spiral,0.226,1.47,-0.266547884,-2.428649633,1.14939576,3.389598837,1.185493205,-0.048996253,0,0,0,-0.015369418,0.001938871,0.002448137,0.009864491,0.439884418,-0.00646064,0.005901681,11.74330245,-45.36467047,-15.76579422,1.958388493,-9.478447862,-0.000855088,-0.000619364,0,0,0.000310688,0.000897714,2.55150465,4.537330285
COSMOS_5876,spiral,1.18,0.98,-1.571926475,-3.527963209,0.919362825,2.300138797,1.431966226,-1.009076084,0,0,0,0.025458882,0.012433932,-0.007182187,0.007903822,0.364799258,0.009138347,0.010168877,6.138519588,-14.02406299,11.17737639,-10.70879805,17.60813116,-0.005377019,0.013094292,0,1,0.000102997,0.000593234,5.611252255,29.64262764
COSMOS_6235,spiral,0.421,0.52,-1.12904128,-1.008094622,1.458761715,0.850626248,1.729162787,-1.064634667,0,0,0,-0.021517628,0.029569218,0.011594599,0.002672906,0.48968592,-0.004961514,0.016121062,8.071906676,-50.67439398,25.40189951,21.61549122,-4.381128558,0.003756853,0.008438501,0,1,0.000169487,0.00075906,4.277361099,16.40726424
COSMOS_6226,spiral,0.9999,0.94,-1.602571691,-1.888850875,0.822709966,2.398265568,1.84150076,-1.265554939,0,0,0,-0.016698719,-0.003800189,0.007271934,-0.003274965,0.454252283,-0.004713393,-0.003537577,6.643951534,3.415775828,-6.134946107,8.46006111,-8.800435415,0.001173992,-0.002070254,0,0,0.000134296,0.000675904,4.856826845,21.71062287
COSMOS_6533,spiral,2.152,2.24,0.657433274,1.265901752,0.719578511,4.736592211,2.939683492,1.051600925,0,0,0,-0.025160529,0.003667085,-0.006543637,-0.00334825,0.465678644,-0.015852083,0.000159418,14.23220918,-238.2619734,-76.5659548,-96.61326796,-114.6246851,-0.006918289,-0.002624239,0,1,0.000481915,0.001115429,1.898328574,1.648467796
COSMOS_6546,spiral,0.508,0.86,-0.774303038,-0.637501903,0.53346956,3.01572045,1.553962194,-0.067035621,0,0,0,-0.037593111,-0.002115765,-0.022583895,-0.024277845,0.439867949,-0.030088503,-0.013196805,5.449210278,-13.29413033,-4.635029384,-4.705986658,-25.85798566,-0.006786386,-0.014931215,0,1,9.09E-05,0.000559378,6.011478701,34.25891521
COSMOS_6611,spiral,0.4,1.01,-1.506108765,0.147154797,1.281050606,1.145761803,2.192587561,0.706024765,0,0,0,-0.00791934,-0.012672513,0.001154476,-0.00709742,0.440163648,-0.003382432,-0.009884967,8.503309854,-57.66750897,-11.87831027,16.6525087,86.23856749,-0.000853395,0.007396584,0,1,0.000155031,0.000617615,3.747489352,12.10661214
COSMOS_6950,early,0.33,1.37,-2.458642156,-1.641826563,1.376484655,1.003029337,1.175843392,-1.399569493,0,0,0,0.029346612,0.002897129,0.003579426,-0.02827116,0.831811137,0.016463019,-0.012687015,6.613352608,-6.088061673,0.526184318,-7.54719446,-7.133710882,-0.003004312,-0.001542505,0,1,9.38E-05,0.000508272,5.245431675,25.57347797
COSMOS_6908,spiral,2.7341,0.8,-1.243221675,-0.511971674,0.83196227,1.910702727,2.070575268,-0.071174881,0,0,0,-0.008859072,-0.025142674,-0.008095678,-0.053798564,0.364920186,-0.008477375,-0.039470619,6.788239007,-46.46529552,-2.064905217,-13.73316735,-12.79485648,-0.008635295,-0.018477958,0,1,0.00011422,0.000634743,5.406348361,27.40669431
COSMOS_7304,spiral,1.51,1.93,-1.822066523,-1.881726834,2.045973987,0.817969069,1.293315591,0.495554265,0,0,0,0.000413921,0.007020683,0.003163565,-0.001497786,0.453980849,0.001788743,0.002761449,13.5042853,297.3222728,-61.13057795,109.001725,-355.0394298,0.008699175,-0.00656868,0,0,0.000485633,0.001229224,2.151548903,2.676879421
COSMOS_7125,spiral,0.497,0.61,-1.563978689,-1.13265855,1.315457248,0.97736721,1.497742063,1.149814349,0,0,0,0.027074694,0.006948228,0.017622644,-0.039986231,0.42003357,0.022348669,-0.016519002,5.514977504,0.680627661,-6.342396794,-0.704076705,-3.885147242,0.006808561,-0.007441633,0,1,0.000124388,0.000776614,6.142652966,36.20960739
COSMOS_7166,spiral,1.72,0.68,-1.75046786,-1.176718256,0.992900734,1.79911213,1.080217941,-0.267533124,0,0,0,0.009686478,0.029364283,0.007312913,0.001195071,0.378005329,0.008499695,0.015279677,5.119053243,-1.871902115,-0.231154101,0.315888115,-4.539992154,-0.001222625,-0.002581618,0,1,7.81E-05,0.000515741,6.470976705,40.02113661
COSMOS_7285,spiral,1.183,0.68,-1.2686841,-2.745747541,0.508045482,7.200429716,2.464898689,-1.050262098,0,0,0,0.008946536,0.007617986,0.005149122,0.019208578,0.36757428,0.007047829,0.013413282,13.98382998,-2.587758305,5.829997898,8.06552574,562.1548757,-0.001729381,-2.28E-05,0,1,0.000739972,0.001427943,1.423112948,0.05531285
COSMOS_7280,spiral,3.85,0.74,-0.523771597,-0.350686582,0.703473551,4.468297496,2.554302016,-0.504113597,0,0,0,-0.007858295,0.005279333,-0.016211862,-0.037076057,0.407752179,-0.012035079,-0.015898362,12.08752709,-121.0041832,150.8330084,-131.9592635,-318.4970772,-0.008255538,-0.014843951,0,1,0.000391354,0.001050392,2.325011593,3.448891453
COSMOS_7650,early,0.35,2.21,-1.89171796,-1.832917019,2.741264307,0.074804504,1.166027651,1.333929934,0,0,0,0.007524949,-5.55E-05,0.003215692,-0.005572948,0.690841013,0.005370321,-0.002814249,10.82125073,-10.68679496,0.740259463,4.604660693,-1.459331411,-0.000164787,-4.23E-05,0,0,0.000451593,0.001443231,2.936437034,6.824567325
COSMOS_7371,spiral,0.6536,0.95,-1.447415282,-1.325467151,0.676595268,3.287932801,1.237728536,2.063041303,0,0,0,0.034467875,-0.010231492,-0.010020364,-0.037118395,0.438231063,0.012223755,-0.023674944,7.09309056,-40.82415935,5.912193884,-2.600780764,74.76407073,-0.012222337,0.00963234,0,1,0.000158633,0.000738866,4.461867888,18.00399281
COSMOS_7362,spiral,0.42,1.11,-1.945552486,-2.340550084,0.906023571,3.065082858,1.33660901,0.946985474,0,0,0,0.005700434,-0.001620911,0.013431009,-0.002984234,0.381754795,0.009565721,-0.002302572,7.185277183,-2.826279334,10.88970068,10.21857204,-0.283103228,0.001616296,0.002483497,0,1,0.000134415,0.000680787,4.892668604,22.07627472
COSMOS_7408,spiral,3.03,0.74,-1.269268469,-4.607795563,0.930315652,1.82894726,1.594475322,1.084165882,0,0,0,-0.015052273,-0.001386065,0.002369371,0.036490513,0.407427083,-0.006341451,0.017552224,6.349099685,-8.312489361,18.13745597,16.45590127,93.48953055,-0.010291885,0.018280129,0,1,0.000121365,0.00063918,5.099985407,24.1467948
COSMOS_7399,spiral,1.7012,0.68,-1.589883573,-0.565497061,0.864631629,2.415131214,1.261847474,-0.535931593,0,0,0,0.00566765,0.016448473,0.002887175,-0.000962286,0.386151483,0.004277413,0.007743094,5.720199165,15.80082392,0.737946815,1.82707646,-6.05312545,0.007707469,-0.002711239,0,1,7.61E-05,0.000476483,6.112022739,35.41279051
COSMOS_7621,early,0.887,1.98,-1.533414648,-2.845572771,1.553756132,1.095559016,1.181578668,1.017319782,0,0,0,0.011641715,-0.000358079,-0.011368567,0.026428975,0.552288755,0.000136574,0.013035448,9.654877136,-1.305973191,2.371471398,-54.74828669,131.5833152,-0.002739971,0.005683066,0,1,0.000261391,0.000928571,3.298465835,8.998307293
COSMOS_7731,early,1.438,2.15,-1.853568745,-0.698477774,2.282008951,0.27180505,1.154527638,0.937746509,0,0,0,-0.00150523,-0.001559276,0.000334931,-0.006256082,1.464007241,-0.000585149,-0.003907679,14.01151676,-67.23894605,-52.12257919,-0.497400967,-104.934023,-0.000496707,-0.001329292,0,0,0.000451429,0.001053556,1.911993601,1.674813442
COSMOS_7857,early,2.6323,2.36,-1.363423327,-1.235247243,1.87367625,0.554749233,1.400375889,-1.165205195,0,0,0,0.005838954,0.002338498,0.002722648,-0.002671981,1.24830027,0.004280801,-0.000166742,10.61841735,-8.49216198,-5.619905902,1.196805663,-1.023634904,-0.000299391,-0.000177972,0,0,0.000330574,0.001033272,2.820914567,6.013772443
COSMOS_7728,spiral,0.596,0.85,-2.399630157,-1.664759071,0.531476893,4.863094103,1.449375993,0.804135793,0,0,0,-0.028478737,-0.002637125,-0.00355998,0.000783181,0.389787725,-0.016019359,-0.000926972,7.193878101,-49.00983791,-21.49032876,11.47056278,4.053313756,-0.006655906,-0.004920921,0,1,0.000159302,0.000731074,4.392957,17.41069762
COSMOS_7882,early,0.54,2.15,-0.986961825,-1.778090652,2.480824921,0.163229199,1.285324633,-0.262290311,0,0,0,0.000720053,0.00205416,0.003079532,-0.004450833,0.645592748,0.001899792,-0.001198337,12.14418292,-18.62052324,4.615218163,-42.82324548,27.72830284,-0.001036277,0.000576877,0,0,0.000468546,0.001333555,2.514892072,4.396119793
COSMOS_7927,spiral,1.169,2.19,-1.879987139,-3.314081157,1.777280852,0.812293511,1.704717282,1.435261839,0,0,0,-0.014817402,-0.000591598,0.005892495,0.012861362,0.352027814,-0.004462453,0.006134882,11.3892963,1.957140873,60.28283429,57.03389268,76.99770837,0.000732499,0.003499397,0,0,0.000317753,0.001023304,2.92714183,6.633255972
COSMOS_7999,spiral,0.677,1.09,-4.363048707,-2.191565682,0.836010398,5.17048847,1.556978211,-0.130647032,0,0,0,0.041148738,-0.004022484,-0.001134489,0.020335598,0.328850341,0.020007124,0.008156557,11.52850892,114.1452411,-49.52645486,-12.78477279,131.7012019,0.002792482,0.008325632,0,1,0.000252655,0.000923884,3.405278925,9.693695029
COSMOS_8298,early,0.851,1.95,-1.283412547,-1.730403294,1.638250634,0.825808671,1.217806977,1.384485211,0,0,0,0.011566659,0.00040447,0.002491187,-0.018407237,0.466149629,0.007028923,-0.009001384,8.490169128,13.97124566,-5.411865301,-3.183206379,15.24121334,0.001129112,0.000653149,0,0,0.000148232,0.000636161,4.072546065,14.65022901
COSMOS_8330,spiral,0.66,0.86,-1.053201132,-3.105463731,1.096056001,1.917330964,3.023901342,-0.569385241,0,0,0,-0.01006197,0.014828309,0.006358796,-0.021056619,0.358437883,-0.001851587,-0.003114155,11.68216859,-261.3838376,123.0685549,18.94331928,-91.02719134,0.024345291,0.026951714,0,1,0.000258318,0.000836978,2.942192413,6.69618329
COSMOS_8375,early,0.93,1.69,-1.547206157,-1.000682561,0.964921312,1.778873585,1.603092279,-1.727755117,0,0,0,0.065536768,-0.00264644,-0.005941816,0.013913808,0.351780984,0.029797476,0.005633684,6.803805329,18.52485045,41.97368823,-45.52036431,64.53910639,-0.000974887,0.022916791,0,1,0.000139569,0.000697018,4.817664122,21.34130924
COSMOS_9058,spiral,0.5,0.95,-0.759584829,-1.124278501,2.41943237,0.137554781,1.994715212,0.37315399,0,0,0,-0.011288711,-0.000462054,-0.003073656,0.030148147,0.38116575,-0.007181183,0.014843046,10.6290135,18.03859596,-83.31453686,27.80361226,18.83323085,0.003367124,0.001211154,0,1,0.000310833,0.000997608,2.908533275,6.501564198
COSMOS_9209,spiral,2.14,1.11,-1.095130938,-0.568963594,2.179732227,0.884969528,1.282939657,0.895736364,0,0,0,-0.002343272,0.003212987,0.004309147,0.007802027,0.376437145,0.000982937,0.005507507,20.0059927,-516.6669486,324.9738919,-452.912249,749.5970783,-0.00445255,0.005192779,0,0,0.001232281,0.002156752,1.206436177,-0.473052224
COSMOS_9127,spiral,1.548,1.4,-2.027972236,-2.625968044,0.667573226,3.679426505,1.674951774,-1.355583314,0,0,0,0.035524957,-0.006128182,0.004961328,0.036900038,0.342623311,0.020243142,0.015385928,18.90517857,-77.1686955,-506.0281536,1195.306745,-3055.36577,0.024115224,0.004856156,0,1,0.000768505,0.001813431,1.969258311,1.983414412
COSMOS_9157,spiral,1.413,1.19,-1.716746373,-1.221157548,1.202512816,1.533716774,1.820679852,-0.459382665,0,0,0,0.005620791,0.006000057,0.007066987,0.009043488,0.436143497,0.006343889,0.007521773,7.814995088,47.42631057,-18.15428591,2.680635989,-2.02815773,0.004013854,-0.001791313,0,1,0.000142351,0.000657417,4.418969387,17.61392797
COSMOS_9222,spiral,1.225,0.66,-0.75300731,-3.699426081,0.909823808,4.475504557,1.436965421,0.022548992,0,0,0,-0.028054995,0.023002882,-0.000254185,0.017276546,0.341445633,-0.01415459,0.020139714,9.802818915,-35.62685139,31.2156227,8.998032135,40.0877328,0.000558059,0.007977107,0,1,0.000137825,0.00060974,4.213060662,15.8227967
COSMOS_9409,spiral,0.86,1.13,-0.432666806,-1.752365401,0.593371262,5.276042586,2.876822638,-0.421312006,0,0,0,-0.008845978,0.006599878,-0.006968021,-0.02351684,0.344083856,-0.007906999,-0.008458481,13.74934879,-322.1867418,169.5538505,-34.45976782,61.95094364,-0.00139899,0.014036818,0,1,0.000475066,0.001210782,2.166132327,2.722802431
COSMOS_9441,spiral,3.21,1.32,-3.782880525,-3.751439599,0.637388673,3.628804542,3.115516588,0.851968476,0,0,0,0.007541123,0.002594141,0.003447789,0.021798382,0.331361245,0.005494456,0.012196261,11.43837013,63.32573449,70.78936949,91.91252054,201.4433874,0.005865901,0.006538953,0,1,0.000318789,0.000969523,2.722580268,5.448186743
COSMOS_9592,early,0.195,2.28,-1.040846639,-1.100025242,1.346545421,0.969691115,1.799286699,0.493885159,0,0,0,0.00549921,-0.003091353,0.010681546,-0.016430641,1.389889661,0.008090378,-0.009760997,7.132942096,3.839858195,-1.051956529,-0.054661395,0.532221477,0.000583681,-1.68E-05,0,1,0.000154046,0.000723497,4.495832934,18.27490164
COSMOS_9582,spiral,1.917,1.15,4.875825716,-5.098616036,0.616750803,8.246284341,1.436645393,-0.056722265,0,0,0,-0.022358375,0.004315122,-0.002236219,0.025801284,0.465875077,-0.012297297,0.015058203,13.31003027,-50.56392405,-284.6738317,170.6902405,232.006363,0.021316898,-0.012209894,0,1,0.000423388,0.000989944,1.921957212,1.727166939
COSMOS_9610,spiral,0.641,1.14,-3.169870462,-1.428747866,0.765421184,3.590017921,2.152528824,-0.738589344,0,0,0,0.00820859,0.004013809,0.004288768,-0.0035692,0.453971749,0.006248679,0.000222304,9.792248636,39.78983901,-13.56087281,25.91860398,-11.16688617,0.002984317,-0.000432714,0,0,0.000273249,0.000941136,3.165330259,8.063600762
COSMOS_9832,spiral,0.53,2.3,-1.727168702,-3.287707278,1.215330891,4.013755872,2.495298408,0.131442342,0,0,0,0.001585485,0.00113718,-0.000405574,0.013938145,0.399808255,0.000589956,0.007537662,23.43146227,-763.0626042,-131.7492658,-246.8302639,652.0201993,1.94E-06,0.015357435,0,0,0.001962233,0.002460298,0.497278056,-1.652018457
COSMOS_9755,spiral,3.041,1.66,-0.317775596,-3.348477244,0.688155438,4.39651678,1.784201749,-1.082148643,0,0,0,-0.012017802,0.001980151,-0.004688198,-0.001333021,0.351810376,-0.008353,0.000323565,9.072639344,17.1767676,17.12740155,0.650372173,-42.32437371,0.004591124,-0.001111975,0,0,0.000220863,0.000820974,3.466969298,10.09854355
COSMOS_9703,spiral,0.69,0.63,-2.051997974,-2.279920836,0.810425718,2.739336513,1.072591492,-0.691435568,0,0,0,-0.021827969,-0.005577491,0.033886968,0.01059116,0.39709273,0.006029499,0.002506834,5.778387854,-19.80052286,-1.29018721,7.578336614,6.393134975,-0.003365781,0.002965941,0,1,0.000104061,0.000602601,5.632684001,29.81830786
COSMOS_10122,early,1.25,2.21,-0.983277188,-1.473107671,2.835002212,0.074692539,1.476638627,1.713738976,0,0,0,-0.005631666,-0.003243272,-0.006714221,0.006006513,1.035918094,-0.006172943,0.00138162,15.92726506,75.17722034,-165.0958886,-55.58348688,48.09926269,0.000229508,-0.000619355,0,0,0.000848417,0.001842253,1.764403634,1.26849028
COSMOS_9785,spiral,2.85,0.82,-0.734972241,0.674343228,0.809125008,3.317459418,1.692848681,0.850201559,0,0,0,-0.017547059,0.000273687,-0.02216473,0.001556975,0.328761955,-0.019855894,0.000915331,7.714523521,20.5688353,-4.981418246,-40.37517097,-53.15418549,0.002080103,-0.005186751,0,1,0.000151674,0.000657881,4.121577301,15.055559
COSMOS_9863,spiral,1.4045,1.06,-3.253356744,-2.885447815,0.826991653,4.218570998,2.148512495,-1.4463204,0,0,0,0.026139718,-0.003818023,-0.00028444,0.005428655,0.388667897,0.012927639,0.000805316,12.25758456,-125.8507048,-99.13987904,7.665031216,-102.7247651,-0.004650099,-0.004046863,0,1,0.000327167,0.000912083,2.436226715,3.958319942
COSMOS_10100,early,0.7411,2.18,-1.714848919,-1.070362259,1.670313417,2.269874768,1.179969144,-0.095251871,0,0,0,0.002497791,-0.000693859,0.000136899,-0.001782966,0.613933154,0.001317345,-0.001238412,19.55056553,99.05106549,-133.6632044,-56.06973246,-341.6100826,0.000173405,-0.001490376,0,0,0.001187923,0.001668311,0.704776172,-1.475509591
COSMOS_10088,early,1.947,2.37,-2.32614743,-0.846728224,1.464463327,1.340592005,1.035022333,-0.067784701,0,0,0,-0.000432336,0.000858213,0.001226077,-0.002538623,0.893166221,0.000396871,-0.000840205,8.833755876,-32.28864364,-13.98578286,-5.868229362,-21.30622455,-0.002048273,-0.001893473,0,0,0.000210205,0.000747272,3.281963691,8.804567925
COSMOS_10031,spiral,0.61,1.08,-1.72783253,-1.127814205,0.997191524,2.124032285,3.365991335,0.918346957,0,0,0,0.005844598,0.005179275,-0.013779932,-0.007164677,0.340538121,-0.003967667,-0.000992701,11.97593924,-161.5576081,-231.5489754,-320.5472374,-584.4725997,0.030052382,-0.017449708,0,1,0.000255128,0.000877613,3.172607209,8.157873378
COSMOS_10082,spiral,0.28,0.88,-0.206670786,-0.706079751,1.140325843,2.375259287,1.432293276,0.892768056,0,0,0,-0.036850721,0.003262852,0.002626555,-0.027267694,0.320725866,-0.017112083,-0.012002421,13.15459662,-246.3902774,102.5902426,70.07482621,-2.75765321,-0.000153565,-0.001231932,0,1,0.000434831,0.001035725,1.97257183,1.921524383
COSMOS_10774,early,1.604,2.24,-2.565195924,-1.918376439,1.145774605,5.91601138,1.112447023,-0.834072518,0,0,0,-0.000170539,0.000386443,0.000663914,-6.19E-05,0.610646973,0.000246688,0.000162259,18.81923148,129.8157208,0.042622303,18.70495447,48.87350218,0.000510208,0.0001495,0,0,0.001616766,0.002720062,1.183427672,-0.300928643
COSMOS_10320,spiral,1.68,1.59,-1.503865173,-1.835285419,1.224794915,1.919772168,1.358425309,-0.608230004,0,0,0,-0.023735549,0.007669388,0.00121096,0.021395845,0.307985373,-0.011262295,0.014532616,8.151979274,-31.83239394,28.36149615,-13.47702257,-2.108403692,-0.005400236,0.003246263,0,1,0.000121403,0.000576162,4.543491609,18.68566572
COSMOS_10629,early,0.686,2.33,-2.418037529,-0.924574872,2.085155549,0.443439055,1.29094584,0.3534552,0,0,0,0.000592832,-0.002752664,0.002026768,-0.004897969,0.430106078,0.0013098,-0.003825317,10.92391385,-33.10842552,-8.331053069,11.42137795,6.826385648,-0.000438671,-0.000129766,0,0,0.000332805,0.001032045,2.796189339,5.880763549
COSMOS_10611,spiral,0.4821,1.42,-2.060623641,-1.645333833,0.53514834,15.6234648,1.047621838,-0.819108494,0,0,0,0.000692139,-0.000797346,0.001250191,0.001961989,0.376659888,0.000971165,0.000582321,16.02553795,77.34877034,4.22214743,171.5721363,-190.1112452,0.007575682,-0.006929635,0,0,0.00081856,0.001493931,1.288839127,-0.309498854
COSMOS_10612,spiral,0.873,1.33,-2.202446143,-2.673975727,0.490884419,10.82924449,1.156475971,-1.41345497,0,0,0,0.018568274,0.004491964,-0.00241276,0.00391441,0.400589183,0.008077757,0.004203187,13.17255654,147.1037007,5.469598132,-18.00462922,3.63905836,0.003063668,0.000386771,0,1,0.000512836,0.001253535,2.049086613,2.239824887
COSMOS_10622,early,1.623,1.44,-2.086497846,-2.026754827,1.238452666,1.359872067,1.638302306,-0.117801891,0,0,0,-0.001696946,0.013490697,0.000184761,-0.012470016,0.627348662,-0.000756092,0.000510341,7.547764375,-16.70827001,8.718771868,-2.335916279,-20.01065339,-0.001743575,-0.002960898,0,0,0.000184868,0.000867733,4.508952078,18.47868615
COSMOS_10924,spiral,2.241,1.01,-2.413392807,-2.735033815,2.438838658,0.164837489,1.527857504,-0.218165599,0,0,0,-0.01359322,-0.009225318,0.012393121,0.041138695,0.496002193,-0.000600049,0.015956689,11.51179662,-94.17077814,-37.21152588,90.00660128,274.1401188,0.000710904,0.008698265,0,1,0.000283379,0.000856528,2.700624367,5.324451339
COSMOS_11115,early,0.96,2.04,-4.3394235,-1.792113289,2.114687696,0.67186289,1,-1.734819391,0,0,0,0.021660167,0.000806857,-0.001968849,-0.00356699,0.692388955,0.009845659,-0.001380066,19.44152792,654.9109396,170.3135652,72.2050773,-126.7426544,0.001946495,-0.009460114,0,0,0.000902695,0.001403668,0.926179171,-1.11029942
COSMOS_11087,spiral,0.89,1.54,0.075115838,-2.487524845,0.712310084,4.923004859,1.916828609,-0.208279183,0,0,0,-0.006384746,-0.001018763,-0.008270113,-0.004100788,0.391910559,-0.00732743,-0.002559776,11.06298916,-12.10486142,-24.2213027,76.00123105,135.0209378,0.003504737,0.013871628,0,0,0.000357596,0.001072033,2.678399615,5.223570981
COSMOS_11161,spiral,1.335,1.39,-2.515404689,-3.448371798,0.602515105,7.563358209,1.726531225,1.094204713,0,0,0,-0.003781799,0.005348249,-0.000190703,0.004492276,0.356475374,-0.001986251,0.004920263,12.83108297,32.44983831,24.42621845,9.021662479,-251.4600281,0.0063829,-0.006186403,0,0,0.000412115,0.001017282,2.071989306,2.31899521
COSMOS_11186,spiral,1.428,0.77,0.626632536,-3.932719418,0.453818993,4.590006138,1.175788087,-1.65411529,0,0,0,-0.019145426,0.019558633,-0.006720116,0.045163075,0.433276626,-0.012932771,0.032360854,6.281130286,1.901640328,6.07504488,-7.352450786,34.15149447,0.001318983,0.01216355,0,1,0.000121936,0.000652264,5.196205133,25.20279163
COSMOS_11155,spiral,0.729,1.09,-0.375880738,-1.437418303,0.891841483,2.359528874,1.853598923,0.525540164,0,0,0,-0.016948994,-0.000822335,0.004301478,-0.015476554,0.381025388,-0.006323758,-0.008149445,7.181937061,5.957592447,11.31494697,11.73305924,13.00406815,0.002258218,0.003406266,0,0,0.000158428,0.000737013,4.460029103,18.01080186
COSMOS_11333,spiral,0.328,1.16,-0.143919049,-2.424944837,0.425114156,6.048462962,2.833547336,-1.571738896,0,0,0,-0.03843637,0.007788442,0.000179211,0.009232765,0.416242626,-0.019128579,0.008510604,13.41727772,-25.01397578,27.79141244,12.92685562,56.71666747,-0.004337901,0.001286202,0,1,0.00047879,0.001231222,2.198794116,2.884987778
COSMOS_11436,early,0.87,2.24,-1.039159251,-1.025327597,1.852388709,0.667854858,1.830067528,-1.128524565,0,0,0,0.000255596,-0.00152846,0.000430776,-0.000869235,0.793959893,0.000343186,-0.001198848,12.89916547,-169.3088593,-51.84578069,2.945521003,10.30577652,-0.003584598,-0.001002876,0,0,0.000485903,0.001228165,2.145612143,2.645579075
COSMOS_11410,early,1.2373,2.16,-3.381875879,-3.072766639,1.740479177,0.779784186,1.480657092,1.385416674,0,0,0,0.004110893,0.000161338,0.001799219,-0.001577325,0.63982234,0.002955056,-0.000707994,11.12722094,18.57613382,2.647110404,7.20228559,23.69094439,0.000785067,0.000451984,0,0,0.000352073,0.001066034,2.713596305,5.419498511
COSMOS_11311,spiral,0.777,1.15,-2.116468145,-1.923820708,0.568087088,3.830200812,2.70040006,0.103718655,0,0,0,0.001331861,-0.017319233,-0.002474541,-0.040408245,0.361106588,-0.00057134,-0.028863739,12.17046023,218.509353,14.17258286,68.75002713,-56.09022961,0.002195161,0.017533632,0,1,0.000365628,0.001084665,2.649861429,5.092582359
COSMOS_11418,spiral,1.537,0.58,-3.884194548,-4.225279481,0.618899235,3.070792066,2.267105861,0.844964675,0,0,0,0.040289339,-0.021119293,0.025825422,0.028923299,0.39531245,0.03305738,0.003902003,8.140939106,35.40601829,-33.25164567,85.59078663,79.61674874,0.015846249,-0.003946798,0,1,0.000151481,0.000616875,3.839047125,12.79239043
COSMOS_11604,spiral,1.48,2.42,-1.661563589,-2.40813615,1.137782072,2.422161522,1.186609548,-0.672490713,0,0,0,0.006122486,0.010757752,0.005732721,0.001668577,0.395552222,0.005927604,0.006213165,8.641272445,7.15035658,14.19113315,-5.666767621,6.028690062,0.000242842,0.001481023,0,1,0.000160021,0.000665364,3.931917671,13.52498375
COSMOS_11627,early,0.81,2.2,-1.479829961,-1.963683334,1.50646917,1.047069622,1.250391918,-1.603354857,0,0,0,0.011481334,0.001016189,0.004488129,-0.005509563,0.630027834,0.007984731,-0.002246687,8.044209501,6.213079866,-2.839186006,1.837187766,-6.754736988,0.000744001,-0.000776296,0,0,0.000143365,0.000615353,4.078714878,14.72776244
COSMOS_11651,early,1.204,2.14,-1.636846604,-0.944165885,2.534274666,0.150283524,1.160929781,0.026291074,0,0,0,-0.014220108,-0.006245866,0.000382531,-0.008415376,0.446349307,-0.006918788,-0.007330621,10.61984652,-44.03772646,-32.65746893,6.480125497,15.21626846,-0.000765218,-0.00040931,0,0,0.000220712,0.000766363,3.193198149,8.231099867
COSMOS_11725,spiral,0.63,1.33,-0.854580885,-1.516432965,0.810447138,4.24573794,1.786495325,1.145562177,0,0,0,-0.007192658,0.006236704,0.003549521,-0.016101185,0.354913527,-0.001821568,-0.00493224,10.70110178,99.3365879,34.54831966,33.35704037,-81.86823588,0.00769354,-0.000187845,0,0,0.000316223,0.001018859,2.92794941,6.633478976
COSMOS_11892,spiral,1.42,1.73,0.283860224,-1.391560128,0.927042689,7.150299273,1.422009161,0.321370537,0,0,0,-0.005845495,0.006001699,-0.004854577,-0.001038893,0.473794692,-0.005350036,0.002481403,17.14571935,-444.2948014,-220.4557503,-272.4669769,-66.82948374,-0.001003018,-0.010903119,0,0,0.00081218,0.001459207,1.252793548,-0.399361939
COSMOS_11766,spiral,0.18,0.57,-1.717364221,-2.372845043,0.906598119,2.498289243,1.645102177,1.384107117,0,0,0,0.013237169,0.013228726,0.014679902,0.010460358,0.338280836,0.013958536,0.011844542,9.07847116,-21.03943725,-1.384498008,149.6899184,-53.47456944,-0.030516494,0.018732565,0,1,0.000235665,0.000822719,3.216512838,8.392630766
COSMOS_11926,spiral,1.19,1.43,-0.772268778,-2.621585043,0.711641121,3.673730671,1.523343347,-1.293258657,0,0,0,0.010159096,0.02109793,0.004615611,0.016943086,0.405358585,0.007387353,0.019020508,7.497097731,30.99746717,9.456918375,1.606713029,26.62897293,0.004279655,0.005333981,0,1,0.000160105,0.000736054,4.39270173,17.36038798
COSMOS_11932,spiral,0.631,0.96,-1.357346762,-1.88733734,0.959074663,1.882463504,1.905647985,0.01379746,0,0,0,0.027866129,0.019516789,0.00870996,-0.015219599,0.337069237,0.018288045,0.002148595,6.967464243,81.15860561,-3.0294139,7.337706239,-6.599431465,0.012505671,-0.005248226,0,1,0.000101456,0.000523874,4.988344665,22.98663284
COSMOS_12073,spiral,0.83,2.22,-1.15400723,-1.595896094,2.063561405,0.353982333,1.305947784,-0.780593325,0,0,0,0.005766201,0.005979163,0.012697209,0.013828458,0.382464761,0.009231705,0.009903811,8.731166423,20.66755868,-1.025516055,35.21617104,68.47421086,0.00484821,0.005047842,0,1,0.000217309,0.00085641,3.704159261,11.79545227
COSMOS_12027,spiral,0.598,1.09,-2.687396842,-1.140194003,1.086764868,1.49168008,1.489701443,-0.370769666,0,0,0,0.026448135,0.01086269,-0.007457412,0.032948556,0.411514833,0.009495362,0.021905623,6.071299294,-0.599251082,8.541424025,-13.47939878,-5.134845065,-0.004127656,-0.00014611,0,1,8.65E-05,0.000513659,5.789889461,31.64439037
COSMOS_12196,early,0.51,2.34,-1.589314789,-1.424403922,2.166826308,0.288835243,1.462956303,-0.851478546,0,0,0,0.004932027,0.002330695,0.004814906,-0.003978028,0.716950878,0.004873467,-0.000823666,11.21079955,57.54150831,9.274379201,5.217838024,35.4533316,0.002510285,0.001501166,0,0,0.000489721,0.001479035,2.71127689,5.435383426
COSMOS_12294,spiral,0.672,1.21,-0.102323778,-1.477286831,0.797224324,5.210015983,3.625331441,-0.864142595,0,0,0,-0.011605023,-0.007623561,-0.004510976,-0.005889198,0.399635393,-0.008057999,-0.00675638,19.84745894,604.5352633,-954.5215986,893.241165,-1564.699882,-0.012587289,-0.020665273,0,1,0.000890851,0.001555703,1.186944343,-0.558715975
COSMOS_12246,early,0.873,2,-2.063762103,-0.515196121,1.434172789,2.102284038,1.403012319,-1.519015341,0,0,0,-0.008314563,0.004670729,-0.003997305,-0.002831998,1.418438333,-0.006155934,0.000919365,13.36455349,-68.75201874,-37.43394294,-39.99147045,-48.38383973,-0.001267533,-0.00124533,0,0,0.000448057,0.001092283,2.036485039,2.173688991
COSMOS_12195,spiral,0.74,1.55,-1.925480888,-1.422494679,2.087756746,0.244838131,1.331779283,1.143793697,0,0,0,0.002499632,0.006033198,0.015338135,0.006564014,0.329986436,0.008918884,0.006298606,8.033526795,72.19168572,45.60708641,22.61210267,87.30936557,0.008755913,0.008770224,0,1,0.000183247,0.000791965,4.110673295,14.99442896
COSMOS_12269,early,0.48,1.38,-2.695301827,-2.108843961,1.017811183,2.554699148,1.930087798,0.07815053,0,0,0,0.003437707,-0.003209587,0.002368985,0.003235737,0.700144238,0.002903346,1.31E-05,10.24589755,23.40172019,33.0751459,3.038193118,15.36159766,0.000872009,0.002022869,0,0,0.000312106,0.001016043,2.965255065,6.857395309
COSMOS_12145,spiral,0.61,1.09,-1.037077303,-2.220943712,0.480201369,3.80764184,3.128985438,0.147285156,0,0,0,0.001987344,0.006062825,0.004988321,0.006864286,0.328525554,0.003487833,0.006463556,9.96448902,7.131139328,-3.430286654,-8.503271016,-79.94332048,-0.000374236,-0.018639243,0,0,0.000210841,0.000747034,3.281064759,8.845267337
COSMOS_12356,spiral,0.8855,0.97,0.109677017,-2.120565353,0.813392575,3.689604893,2.447527573,0.094591727,0,0,0,-0.002513105,0.003408847,-0.00248264,0.016151143,0.308773366,-0.002497873,0.009779995,10.12625355,-161.4658279,-82.55502203,-92.44682656,55.03397885,0.003539631,-0.054209851,0,0,0.000221724,0.000768119,3.186202216,8.19229413
COSMOS_12550,early,0.429,0.98,-2.067513836,-1.704472011,0.992854502,2.28264294,1.418797092,0.886671889,0,0,0,-0.008126304,-0.00346417,0.007486396,0.001827957,0.423930976,-0.000319954,-0.000818106,7.140013127,3.883600262,-17.41167544,11.21852336,6.084804761,0.002520479,-0.001723151,0,0,0.000124905,0.000631903,4.88108376,21.93297244
COSMOS_12580,spiral,1.205,1.88,-1.10689825,-1.16534454,0.98269327,5.082389462,1.256408117,-1.277611695,0,0,0,0.009886281,-0.001218476,-0.003594787,0.008706434,0.30132331,0.003145747,0.003743979,12.43861787,-53.95039232,19.57950358,-236.1829632,23.2437314,-0.008773966,-0.003282933,0,0,0.000491771,0.001228721,2.112451497,2.505562293
COSMOS_12548,spiral,0.624,1.07,-2.657180265,-2.021717996,0.888384555,2.29886377,1.868729433,-0.453749567,0,0,0,0.02490784,-0.002150087,0.006659851,-0.012290839,0.333527428,0.015783846,-0.007220463,7.454976748,-23.98799399,-4.237670258,10.17846291,-4.549003693,-0.001900589,-0.000380291,0,1,0.000113579,0.000523343,4.40047758,17.41279761
COSMOS_12679,spiral,0.976,2.52,-1.496882791,-0.51293101,1.08913699,2.354305501,1.876772414,-0.547207484,0,0,0,0.000338386,-0.001047565,-0.004504602,-0.007008997,0.365325456,-0.002083108,-0.004028281,9.536169215,26.30913084,1.492531607,-16.33566068,-31.74595833,-0.001562582,-0.005688988,0,0,0.000190761,0.000709651,3.462132233,10.03108699
COSMOS_12815,early,0.563,2.19,-1.060052996,-2.405039429,2.141453499,0.364951185,1,-1.35488067,0,0,0,0.00377438,0.000637276,0.003990975,-0.007694273,0.532856785,0.003882677,-0.003528499,9.897768192,1.524226297,-25.04371515,1.998299561,12.98573454,0.000109005,-0.00038492,0,0,0.000200599,0.000720559,3.326003162,9.112240934
COSMOS_12716,spiral,1.99,1.4,0.934981947,-2.394499165,0.604198167,6.669019679,2.928860886,-0.969822381,0,0,0,-0.003067697,-0.002964098,-0.005495805,-0.001068005,0.37326562,-0.004281751,-0.002016052,15.78270064,132.8590474,-1.340564763,-170.5021091,155.4983963,-0.000894912,-0.005147816,0,0,0.000620296,0.001251763,1.531949162,0.37124056
COSMOS_12942,early,0.715,2.13,-2.564445718,-1.856605529,1.589236956,2.773003696,1.087517208,1.292291428,0,0,0,0.002321948,2.76E-05,-0.000413563,-0.0003769,0.417007508,0.000954193,-0.000174629,19.18685986,210.1317884,18.12219137,15.20434644,-55.46432614,0.000837393,-0.000146409,0,0,0.000945194,0.001441278,0.879766796,-1.201611147
COSMOS_12878,spiral,2.555,1.35,-1.612195391,-0.393371413,0.703158093,2.749889964,3.247046547,-0.100320834,0,0,0,0.010289064,0.003981258,-0.005378028,-0.060732086,0.353082177,0.002455518,-0.028375414,10.16273805,20.2800636,22.54744445,19.33309515,37.93251148,-0.001134546,0.009483389,0,1,0.000201688,0.000742118,3.420117729,9.747233143
COSMOS_12976,spiral,1.615,1.44,-2.199361467,-1.471216182,0.904024873,3.154253159,1.92806236,-1.397581999,0,0,0,0.000232967,-0.005883508,0.002102765,0.013827099,0.384884551,0.001167866,0.003971796,9.756016831,4.494170062,-36.78275625,1.824450405,2.946431706,-0.000160297,-0.002726866,0,0,0.000280194,0.000957924,3.144184785,7.954664114
COSMOS_12985,spiral,1.672,1.1,-1.995941644,-2.405913634,0.672700349,2.594520245,3.73965417,-1.064217847,0,0,0,0.023112904,0.019499825,0.003799004,0.018290475,0.352900354,0.013455954,0.01889515,9.127003691,-46.34577098,62.78112284,-107.2474412,223.7574907,0.03896437,0.029296293,0,1,0.000160298,0.000656792,3.864852613,12.98896796
COSMOS_13070,spiral,0.92,0.85,-0.308045987,1.183934737,0.669453398,4.464668807,1.554079253,1.653975398,0,0,0,-0.0169193,-0.020359953,-0.014222355,-0.027196941,0.313549552,-0.015570828,-0.023778447,9.178841152,-6.40562122,-39.27152514,-22.23852447,38.24373102,0.003593546,-0.002964278,0,1,0.00013731,0.000618419,4.295766428,16.52218353
COSMOS_13132,spiral,0.729,1.16,-4.8343855,0.677205517,0.622554806,3.371550067,1.259626228,-0.947857731,0,0,0,0.038180005,-0.014300376,0.040059741,0.04179309,0.343525369,0.039119873,0.013746357,6.256327548,-8.403430705,-15.13633971,12.06382508,14.57810968,-0.012242092,-0.00214296,0,1,8.30E-05,0.000505037,5.935527861,33.34785954
COSMOS_13203,spiral,1.54,1.02,0.407167168,-1.020459037,0.895126999,2.965099373,1.564121807,0.724096936,0,0,0,-0.013860795,-0.003144291,-0.005704902,-0.022142237,0.341538026,-0.009782848,-0.012643264,8.354747884,-0.871071632,-10.8279992,-6.057430595,-34.30946604,0.001774724,-0.00503152,0,1,0.00015889,0.000659449,3.918933229,13.40155593
COSMOS_13253,spiral,0.72,1.27,-2.315976086,-0.232206203,1.122652816,2.316102727,1.489787487,1.10469846,0,0,0,-0.000435342,-0.012092575,-0.01319119,0.000983155,0.346318111,-0.006813266,-0.00555471,9.730438756,-8.265873419,43.48618774,-86.63732747,10.45011094,-0.012220547,0.013582752,0,1,0.000250855,0.000908856,3.361354406,9.357405286
COSMOS_13323,spiral,2.54,1.47,-0.808352935,-1.811807313,0.809839265,6.350052291,1.1622974,-1.177060543,0,0,0,0.006896347,0.001482773,-0.003272899,-0.001287883,0.392252445,0.001811724,9.74E-05,11.94701204,77.13556682,33.71246224,12.91286927,32.03561877,0.00198426,0.001338954,0,0,0.000445327,0.001262415,2.498582278,4.298750607
COSMOS_13403,spiral,0.8191,1.07,-2.046276814,0.337274975,0.560714371,3.838734112,2.880389861,-1.354773033,0,0,0,-0.000600182,-0.012266201,-0.000640273,-0.002448779,0.468358134,-0.000620227,-0.00735749,9.832082118,-24.52652696,12.36585528,-19.19030247,36.81941429,-0.009706995,0.000144208,0,0,0.000151877,0.000679096,4.263145124,16.25053519
COSMOS_13614,spiral,3.511,1.06,-2.966360243,-1.942598458,0.654993542,4.241261044,1.752683228,-0.6741797,0,0,0,-0.007117889,-0.002786257,-0.009957047,0.005638293,0.347681288,-0.008537468,0.001426018,8.528903441,51.85637941,-20.50841422,-35.24209389,-0.950483163,-0.001761755,-0.005618543,0,0,0.000167278,0.000690758,3.900791501,13.27664362
COSMOS_13888,early,2.523,1.23,-1.664529573,-0.388934013,1.738953014,1.632742406,1,0.891374863,0,0,0,0.00674603,0.000694677,0.001519283,-0.00199618,0.59550471,0.004132656,-0.000650752,15.15718982,-20.75788761,-148.6901932,-162.7256991,-200.6193279,-0.00020575,-0.002260236,0,0,0.000694616,0.001469247,1.657989064,0.79063123
COSMOS_13896,early,0.6048,2.26,-0.841867048,-0.905247879,1.966555166,0.42615109,1.362615794,0.764495475,0,0,0,0.000558275,-0.007429677,-0.000908865,-0.002692847,0.692942823,-0.000175295,-0.005061262,9.505676988,-12.43015878,-25.70204654,-12.84931871,1.454307296,-0.000309277,-0.000410721,0,0,0.00020751,0.000750236,3.352117531,9.289343282
COSMOS_13738,spiral,2.163,0.93,-2.05188149,-1.389765036,0.835934464,2.093298459,2.7462807,0.020567214,0,0,0,0.004112265,-0.006417028,-0.004855758,-0.026620201,0.334369738,-0.000371747,-0.016518614,7.113467497,29.32208331,-26.3499682,5.326898564,-3.371179982,0.007767134,-0.013927793,0,1,0.000167146,0.000753201,4.303545976,16.61473553
COSMOS_13880,spiral,0.3,0.53,-2.522660737,-1.370148858,0.615215252,3.281612074,1.759719302,0.343773663,0,0,0,0.038413622,0.003767955,0.006686738,0.002885123,0.390805445,0.02255018,0.003326539,6.618662818,60.68886683,13.00952196,-2.004090357,-14.25372421,0.011936247,-0.00362417,0,1,0.000102275,0.000540085,5.106925574,24.16885709
COSMOS_14141,early,1.39,2.32,-1.261416325,-2.699325957,1.880690746,0.625549314,1.122936032,-1.181051959,0,0,0,-0.00520517,-0.005355694,-0.000211558,-0.004957195,0.330984512,-0.002708364,-0.005156445,8.597434928,-8.87226843,-22.90701401,2.459873339,-26.65109142,-0.000301274,-0.003935422,0,0,0.000199203,0.000828555,3.936563897,13.5774998
COSMOS_14134,early,4.169,2.16,-2.299564112,-0.774638126,1.602223539,0.616720941,1.65060777,-1.25813873,0,0,0,0.007102799,0.002567429,0.01066223,-0.011066358,0.326431542,0.008882515,-0.004249464,7.413407989,15.43101029,4.315565035,9.736644911,57.99114981,0.051941896,0.027727084,0,0,0.000151324,0.000728331,4.622250748,19.45380038
COSMOS_14266,spiral,1.494,1.02,-2.035979654,1.02827353,0.607222581,6.419146864,2.475912939,-0.170259692,0,0,0,-0.007474678,-0.008372193,0.005961076,-0.021542902,0.413549385,-0.000756801,-0.014957548,15.64707548,-140.0916289,-179.6043866,-61.73996636,157.9718827,-0.009783997,-0.000178633,0,1,0.00056234,0.001126128,1.508382844,0.288448289
COSMOS_14694,spiral,0.638,0.35,-2.345484301,-1.616486966,1.286680035,1.077408543,1.748809646,1.597387203,0,0,0,0.024426917,0.002582494,0.026247865,0.034278646,0.454946,0.025337391,0.01843057,7.843353244,6.782878409,10.0545356,40.10225428,67.17070163,0.004624917,0.004934622,0,1,0.000125702,0.000598646,4.562754897,18.87066192
COSMOS_14786,early,2.8019,0.91,-2.118192213,-1.489706099,1.089090719,1.898578292,1.875935783,0.10315859,0,0,0,0.003028302,0.002754469,0.001363425,-0.017412572,1.228868971,0.002195863,-0.007329051,8.316259383,-3.278316781,-2.173381056,-2.01841063,-11.47117467,-0.000274104,-0.001655704,0,0,0.000184535,0.00074609,3.806133044,12.53208656
COSMOS_14945,spiral,2.4358,1.88,-2.401769689,-1.375496477,1.036217245,4.028262933,1.46617234,-1.231174886,0,0,0,-7.01E-05,-0.000557466,0.000721649,-0.004353118,0.340512263,0.000325755,-0.002455292,12.36865052,93.20236195,-42.1782248,-6.729957839,-0.782492602,0.0036899,-0.000613597,0,0,0.000333227,0.000944256,2.488440572,4.217390095
COSMOS_15050,early,0.734,2.35,-2.897524843,-1.352146751,2.060369641,0.430572147,1,-1.447390033,0,0,0,0.01190154,-0.000836559,0.007516228,-0.002780543,1.372825063,0.009708884,-0.001808551,10.57286783,4.312532654,13.7278386,5.282773749,40.85616945,0.00024645,0.001515809,0,0,0.000309858,0.001012363,2.968850609,6.842604711
COSMOS_15230,early,9.751,2.13,-1.681660185,-0.03377243,2.299596791,0.254484924,1.098388105,0.993633008,0,0,0,0.005057738,-0.002140896,0.003045157,-0.006735101,1.162303049,0.004051447,-0.004437998,11.19777659,4.483916451,-1.057352456,-3.951655079,-0.665836414,5.36E-06,-3.31E-05,0,0,0.000315331,0.000942713,2.663210403,5.120110997
COSMOS_15297,spiral,2.1442,1.88,-1.18579279,-2.032952968,1.399529797,2.359251495,1.369357697,-0.292746031,0,0,0,-0.001504457,0.000465254,-0.001055017,0.000251736,0.374124236,-0.001279737,0.000358495,14.03273653,46.63469012,-3.600853003,9.522960177,93.51526275,0.000552088,0.001807612,0,0,0.000482639,0.001142388,1.951577258,1.828965823
COSMOS_15382,early,1.01,2.34,-1.218864487,-0.835134815,2.415863397,0.183168135,1.244840014,0.013258793,0,0,0,0.000624606,0.00104391,0.004113857,-0.006556442,0.863388725,0.002369231,-0.002756266,10.90931324,-15.11538145,-2.331398064,13.19950867,-35.87177924,2.95E-05,-0.001141812,0,0,0.000334,0.001019337,2.732223843,5.492903143
COSMOS_15404,spiral,3.76,1.91,-1.153944903,-1.993772958,0.764767989,4.356105453,1.759582753,0.045019922,0,0,0,-0.008711394,0.001389283,0.000147729,-0.003022637,0.313622071,-0.004281833,-0.000816677,10.29515635,-66.20873278,28.96608994,-12.98579713,-28.37579602,-0.002617265,-0.000925888,0,0,0.00024052,0.000823223,3.138457931,7.880235885
COSMOS_15421,spiral,0.44,2.32,-2.228744831,-2.142713387,1.639660422,1.944592128,1.247934171,1.486454482,0,0,0,-0.002150737,0.003363978,0.000616564,-0.001478439,0.306976927,-0.000767087,0.00094277,14.35202201,-3.372450135,-7.43644863,24.01873376,31.25213566,0.000260699,0.000327664,0,0,0.000365641,0.000986264,2.332132581,3.456115116
COSMOS_15577,early,0.43,2.1,-2.457308957,-2.310057307,1.236590566,3.617383865,1,-0.54851334,0,0,0,-0.001988751,-0.001559184,-0.001721355,0.003581923,0.337446269,-0.001855053,0.001011369,13.31926745,-46.28490716,11.92911554,-36.76794002,8.579071182,-0.001127475,0.000287775,0,0,0.000513783,0.001380161,2.340376037,3.560060523
COSMOS_15645,spiral,2.42,2.07,-1.744322088,-1.599932238,0.899181422,4.223684745,2.759662084,0.104094172,0,0,0,-0.003848616,0.000438847,-0.000933825,0.006123265,0.350428386,-0.002391221,0.003281056,16.69734598,-354.7795246,-28.47900571,-81.05943213,-19.04875938,-0.002199194,-0.003862851,0,0,0.000748405,0.001473947,1.470125804,0.182831313
COSMOS_15837,spiral,0.743,2.22,-2.43495868,-0.375016532,1.458578715,1.125703322,1.115347326,0.51209285,0,0,0,-0.006753966,0.010324344,-0.011343978,-0.036036102,0.319970056,-0.009048972,-0.012855879,7.154557855,-37.64258656,-3.57162865,-12.9240434,-93.63813485,-0.003897688,-0.022467513,0,1,0.000148667,0.000720873,4.649071609,19.64750206
COSMOS_15681,spiral,1.18,0.9,-2.591349653,-2.2121353,0.642367136,3.750314371,2.68299872,0.366171989,0,0,0,-0.003488342,0.008028062,-0.007488655,0.030338098,0.340334641,-0.005488498,0.01918308,9.401121193,102.5400338,-72.93142817,-48.58635087,21.50479219,0.009392662,-0.013434962,0,1,0.000256095,0.000937574,3.398487501,9.592261157
COSMOS_16097,early,2.397,1.73,-2.202693533,-1.989440274,0.94928251,4.840894474,1.393963866,-1.011798645,0,0,0,0.002109182,-0.000118188,-0.000745127,-0.006425089,0.681770176,0.000682028,-0.003271638,13.59027677,-5.016290102,28.12038122,3.692554295,-11.76126681,0.000140833,0.000179945,0,0,0.000450253,0.001073655,1.972876771,1.913958813
COSMOS_15883,spiral,0.374,1.13,-2.579522273,-2.604105661,1.081802993,2.235926636,1.377586893,-1.678691237,0,0,0,0.029134807,-0.006592444,0.005500942,0.007269753,0.321160457,0.017317874,0.000338654,7.676147002,26.64355376,-26.2546377,2.194368497,23.09869167,0.005010052,-0.001659861,0,1,0.000111987,0.000570663,4.910614362,22.17349868
COSMOS_15892,early,4.335,0.54,-4.166615507,0.292284033,2.526417338,0.055569274,1.178599463,-1.09184553,0,0,0,0.017241617,-0.030444554,-0.002231599,-0.023705507,0.491603826,0.007505009,-0.02707503,6.240610828,-1.47380937,-25.66198891,2.664023118,-15.74268932,-0.001716182,-0.008593844,0,1,0.000194791,0.001055014,5.273889513,26.06190654
COSMOS_16027,early,1.17,0.95,-3.33738214,-2.145660555,1.324578374,0.91988819,1.675410386,0.232238489,0,0,0,0.006935463,-0.00168523,0.00918864,-0.015402807,0.651455185,0.008062051,-0.008544018,6.256134122,17.65157867,2.989953017,4.479933819,-4.434836201,0.004675498,-0.001449842,0,1,9.24E-05,0.000515679,5.411193982,27.31955403
COSMOS_16113,spiral,2.11,0.6,3.135394698,-3.939855633,0.679109859,4.010646243,1.962478349,-0.374939442,0,0,0,-0.013807946,0.020292611,0.012436908,0.024622083,0.316344735,-0.000685519,0.022457347,9.277350789,-98.43351333,14.53264874,-9.806559575,31.49189103,-0.00346359,0.00715607,0,1,0.000188183,0.000810612,4.085697343,14.74109873
COSMOS_16207,spiral,2.44,0.41,-3.768183631,-1.287730919,0.840654655,1.957143542,2.183543271,-0.835075014,0,0,0,0.047119573,-0.009894968,0.023246198,0.047800443,0.469415751,0.035182885,0.018952737,6.718513735,68.19571084,-51.38569264,13.37888843,49.34564395,0.015180711,0.007813322,0,1,0.000135814,0.00069566,4.946532083,22.57387739
COSMOS_16538,early,0.607,2.28,-2.148741911,-1.911697347,2.37137127,0.126160122,1.990860764,0.274420521,0,0,0,0.015755482,0.002995106,0.003487187,-0.010425927,0.984652571,0.009621335,-0.003715411,12.50318924,-133.9261435,-27.07876791,6.336647305,-10.7542907,-0.000199774,-0.001367577,0,0,0.000423133,0.001173521,2.417597538,3.860319285
COSMOS_16539,spiral,0.45,2.57,-2.519957423,-3.100420676,0.718017383,4.054871863,3.123607493,0.316657409,0,0,0,-0.006782471,0.004605432,-0.007883021,0.01756602,0.445197972,-0.007332746,0.011085726,13.09334125,-118.6369338,-58.91035108,45.5525232,-99.5210419,0.000692409,-0.007379694,0,1,0.000410027,0.001054186,2.188391102,2.808097611
COSMOS_16646,spiral,0.184,2.13,-0.563701102,-2.673492787,0.702372468,5.248129544,1.495829053,0.381257296,0,0,0,-0.003031316,-0.001623741,-0.011009132,0.013657601,0.315792336,-0.007020224,0.00601693,10.1838383,-35.85431587,16.0261848,1.959337858,-15.351651,-0.006410336,-0.004661965,0,1,0.000332158,0.001157722,3.215109208,8.401675317
COSMOS_16710,spiral,0.928,1.21,-2.506784416,-1.801633247,0.900325259,2.616508325,2.210054045,-0.442519934,0,0,0,0.009723829,0.003580426,0.005368313,6.39E-05,0.411422956,0.007546071,0.001822167,9.463491529,64.46512342,-26.56279176,12.00763054,36.69588066,0.003584883,0.005887146,0,0,0.000259898,0.000949134,3.385237463,9.488419499
COSMOS_17075,early,0.35,2.18,-1.496390526,-0.888591136,1.668123437,1.249500638,1.590873086,-1.010425991,0,0,0,0.002959306,0.003532531,-0.000947504,0.000440902,1.250570753,0.001005901,0.001986716,15.72802704,-4.54603576,-47.43618405,-39.14888844,-207.1306806,-0.000221157,-0.001187916,0,0,0.000610967,0.00125184,1.568640594,0.480577844
COSMOS_17100,early,3.24,2.39,-0.162446731,-1.1927742,2.66129804,0.096385123,1.176706711,-1.617528878,0,0,0,-0.00017259,0.002633449,0.002324922,-0.018290438,0.73844782,0.001076166,-0.007828494,10.89786506,-32.12653862,18.2860698,-0.287667319,13.56096905,-0.001341529,0.000882648,0,0,0.000311227,0.001039054,3.053190158,7.374325779
COSMOS_17001,early,0.405,1.19,-2.739152293,-1.847085835,0.793857795,3.551475244,1.219901891,-0.377451095,0,0,0,0.023154405,0.00891867,0.003533851,0.023799315,0.658939396,0.013344128,0.016358993,7.286688939,10.12591163,11.10691793,-3.740277789,27.93750072,0.001337144,0.006798742,0,1,0.00016352,0.000758023,4.427839927,17.64513862
COSMOS_17158,spiral,0.62,1.35,-0.345494756,-2.839411589,0.628860849,5.516710312,4.219544052,-0.865472355,0,0,0,-0.008826241,-0.006844443,-0.000504741,0.00284557,0.395137793,-0.004665491,-0.001999436,19.74218473,308.6695707,-531.4041835,809.3122988,-1060.60184,0.00297607,0.000384097,0,0,0.001259636,0.002267547,1.256518242,-0.391034627
COSMOS_17072,spiral,2.12,1.27,-1.8089296,-1.039446081,1.892481502,0.759210598,1.160904966,1.528478638,0,0,0,0.001893115,-0.006203226,0.004052817,0.008663259,0.399253917,0.002972966,0.001230016,10.40806643,63.66053555,-18.51138645,12.83196024,1.669191484,0.003582167,-0.000771883,0,0,0.000218154,0.00080303,3.416528737,9.701283981
COSMOS_17024,spiral,3.564,0.79,-1.226400226,-0.183881817,0.565203512,4.27730747,1.216622052,2.010850494,0,0,0,0.023615085,0.015034431,0.023712971,-0.00210363,0.357710455,0.023664028,0.0064654,6.17290253,-0.953867419,18.63169278,5.684616831,-0.848393189,-0.000896028,0.007499492,0,1,0.000117453,0.000640869,5.30371574,26.30427277
COSMOS_17381,early,0.25,2.3,-1.574272034,-1.24514472,2.15982479,0.687755549,1.23425322,0.669016636,0,0,0,-0.000427669,6.79E-05,0.00135347,-0.002191252,1.09856873,0.0004629,-0.001061679,17.01685482,-129.8133796,8.076824348,42.60469109,-89.00069818,-0.000267039,-0.000667481,0,0,0.001265928,0.002216316,1.186938461,-0.572254546
COSMOS_17374,spiral,2.39,1.06,1.450337737,-3.425478937,1.109011013,5.631979164,1,0.679418952,0,0,0,-0.004050211,0.015060744,0.001732143,0.016213258,0.465485667,-0.001159034,0.015637001,16.8734759,188.0700213,246.5048814,-38.60800235,283.4849866,-0.00065642,0.01076668,0,1,0.000592661,0.001216103,1.570308243,0.480595453
COSMOS_17435,spiral,3.844,0.75,-0.394146093,-3.186967557,1.193029477,2.218080853,1.742250909,0.567695087,0,0,0,-0.00832053,0.02245294,0.00818708,0.040010953,0.318573663,-6.67E-05,0.031231947,7.79024111,0.567387221,0.621771611,2.803303152,-4.223884553,0.001132345,-0.00163962,0,1,9.17E-05,0.000533926,5.659658173,30.09491421
COSMOS_17482,spiral,0.34,1,-1.666754367,-0.846460163,0.866364717,2.018209892,2.207960444,1.426237861,0,0,0,0.020662036,0.005008236,0.003155598,0.031770038,0.342540596,0.011908817,0.018389137,6.758340397,28.74612261,0.557463341,-15.86053447,26.12464473,0.012819702,0.006055337,0,1,0.000107855,0.000566896,5.073218785,23.77793467
COSMOS_17620,spiral,1.612,0.98,-1.448116293,-1.365474399,1.935440841,0.393221895,1.443892593,-1.282706943,0,0,0,-0.016784759,0.001504249,0.008586863,0.013888941,0.308319331,-0.004098948,0.007696595,6.046702204,-22.57970363,-8.527681203,7.140883295,9.01573686,-0.014995586,-9.21E-05,0,0,8.38E-05,0.00055463,6.483583733,40.13815709
COSMOS_17819,spiral,0.24,1.99,-2.073056689,0.136162101,0.516577144,7.790701894,4.001718035,0.833936087,0,0,0,-0.005271161,0.002982288,-0.000177907,0.0013796,0.372649851,-0.002724534,0.002180944,22.99507429,707.1258921,738.3308659,804.663721,1142.322292,0.00144783,0.002834556,0,0,0.001722793,0.002548663,0.815290385,-1.30712577
COSMOS_18190,early,0.26,2.14,-2.240628734,-0.962062542,2.135300448,0.765391441,1.563878876,0.049413513,0,0,0,-0.000239249,-3.49E-05,-0.000111404,0.003328304,0.828143273,-0.000175326,0.001646725,22.58315931,172.9463217,253.259241,-237.8732052,126.8687201,-0.000129949,0.000572481,0,0,0.001943655,0.002135674,0.21198931,-1.909369644
COSMOS_17753,spiral,2.11,0.95,-3.269155493,-0.785713605,1.323094308,1.365811361,1.316213674,0.73781662,0,0,0,-0.009919563,-3.03E-05,0.016342188,0.001903635,0.340277025,0.003211313,0.000936683,9.251778293,-39.26779063,-23.76037586,-2.084771771,94.8082716,-0.001502149,0.003244196,0,0,0.000269548,0.001004452,3.47140871,10.10615714
COSMOS_17918,spiral,0.89,0.82,-4.424213757,-2.23617281,0.322456909,7.891980807,1.179867168,-0.020136279,0,0,0,0.026685245,0.006406756,0.001731504,0.026697731,0.318595018,0.014208374,0.016552243,9.509962338,-107.2422446,-13.3139414,-124.9929107,-173.7914116,-0.020492128,-0.018462661,0,1,0.000409224,0.001442647,3.258848304,8.6930032
COSMOS_18203,early,0.91,2.29,-1.60461648,-1.963812957,2.367455233,0.199056134,1.053928292,0.357055081,0,0,0,0.005807082,0.006429204,0.005313993,-0.013574779,0.440354203,0.005560538,-0.003572787,9.000021371,-3.350455794,22.54104957,1.280328083,-12.3049859,-0.00036232,0.000544329,0,0,0.000305431,0.001215739,3.747052856,12.118389
COSMOS_18311,spiral,0.56,1.16,-0.166265711,-1.481185322,0.597971054,3.959738463,4.219147715,0.733979114,0,0,0,-0.007608068,0.000526257,0.005117631,-0.00690157,0.309906289,-0.001245218,-0.003187657,14.60976748,137.1823582,213.9566104,165.4058578,235.9749273,-0.008778752,0.015424202,0,0,0.000658415,0.001740062,2.294961203,3.364074917
COSMOS_18328,early,1.1159,1.48,-1.976849309,-0.41365116,1.707196292,0.43941681,1.634181094,0.437179202,0,0,0,0.018857516,0.006497131,0.025228279,-0.016157383,0.402434306,0.022042897,-0.004830126,7.406768798,39.26800125,27.80973505,10.96173805,-16.45404764,0.003843355,-0.000886708,0,1,0.000158569,0.000768952,4.661930128,19.83049171
COSMOS_18613,early,0.472,1.73,-2.103331575,-0.233545664,1.155792435,4.091637997,1,-0.836133802,0,0,0,0.00336675,-0.004237606,-0.000560515,-0.011572683,0.925986097,0.001403118,-0.007905144,15.1798703,-44.32932076,-41.5182876,-2.521116515,23.81870024,-0.000342114,-9.11E-05,0,0,0.000682435,0.001489551,1.734470906,1.035990579
COSMOS_18605,spiral,0.9172,1,-1.001234947,-3.273641482,0.90918641,3.352448686,2.417047613,-1.438216225,0,0,0,-0.018333515,0.000788817,-0.008036506,0.020589372,0.32486376,-0.01318501,0.010689095,10.19290489,-14.25521541,-26.78893158,-54.69264234,-52.06860771,-0.012718404,-0.00930051,0,1,0.000263857,0.001144755,4.134533434,15.22266941
COSMOS_18610,spiral,2.54,1.01,-1.480068526,-0.96865144,0.718272998,6.679217199,1.428470987,1.107431754,0,0,0,-0.008533704,-0.008737063,0.004075273,0.001789825,0.333194415,-0.002229216,-0.003473619,11.81445609,-22.52386039,-149.9922579,-62.75354981,144.7428098,-0.000217211,0.001700877,0,0,0.000448762,0.001226844,2.37978255,3.700214587
COSMOS_18603,spiral,0.62,1.02,-1.619270061,-1.603695365,0.667378773,3.912411951,2.112122593,0.57474936,0,0,0,-0.00953687,0.003034364,0.008716497,-0.003141951,0.341217686,-0.000410186,-5.38E-05,9.476065963,3.519624798,21.3458115,11.71861458,77.6314511,-0.019386804,0.018004877,0,0,0.000236487,0.000882684,3.473571081,10.10261456
COSMOS_18725,early,2.46,1.66,-1.439947494,-0.147665893,1.466909692,0.889617009,1.035240742,-1.389915863,0,0,0,0.005181011,-0.005985005,-0.000490288,-0.005584963,0.565251443,0.002345361,-0.005784984,6.058724448,-14.39571503,1.958522501,-7.186906804,-18.72871693,-0.006413045,-0.006273539,0,0,0.000101115,0.000615437,5.939852602,33.39365755
COSMOS_18887,spiral,0.7,1.53,-1.353721016,-1.100868003,1.278865884,2.349022757,1.310585169,-1.949442056,0,0,0,0.006274712,0.004579745,-0.007885673,0.007644132,0.450484832,-0.000805481,0.006111939,11.36064653,-6.490479989,15.34144728,-34.34825492,-0.20962569,-0.001032829,0.000222413,0,0,0.00033751,0.001077988,2.889274389,6.378147671
COSMOS_19139,early,3.23,2.09,-3.220161739,-0.647089843,1.955850288,0.861969105,1.126696988,-2.376960712,0,0,0,-0.004367697,-0.001328053,-0.000990299,-0.002921196,0.697174328,-0.002678998,-0.002124624,14.63275559,-38.76627185,9.859534247,-29.05321486,224.6985166,-0.000569631,0.001880948,0,0,0.000890437,0.001992045,1.800933781,1.273713671
COSMOS_18819,spiral,1.497,1.14,-0.122929098,-2.483791138,1.372874041,1.160018488,1.413163334,-0.3746258,0,0,0,0.020566573,-0.009961781,-0.004400295,0.026470757,0.361322133,0.008083139,0.008254488,6.468748952,4.394928179,-28.21859403,-0.507612701,56.39262086,0.015065525,0.040171588,0,1,0.000114982,0.000645171,5.444930216,27.72008826
COSMOS_19031,early,0.718,2.3,-2.182844946,-1.306950426,2.493671749,0.192875923,1.320024673,-0.207513682,0,0,0,0.007377964,0.001743013,0.001734869,-0.009465037,0.535491209,0.004556416,-0.003861012,14.45054931,102.2272008,10.16088779,14.2611624,-103.5017788,0.000962233,-0.001194583,0,0,0.000564666,0.001403818,2.097469776,2.439267566
COSMOS_19185,spiral,2.503,2,-0.102351375,-2.774349671,0.914504122,5.407246746,1.307487725,1.209341681,0,0,0,0.004614515,-0.000263028,-0.000418293,0.002699033,0.28873627,0.002098111,0.001218003,11.07806222,-47.12006437,14.43730379,-18.30112087,64.37408437,-0.003851772,0.004465829,0,0,0.000244768,0.000912189,3.466426264,10.04865814
COSMOS_19292,spiral,1.37,1.54,-3.702712006,1.222401107,0.540511846,5.187471514,4.695843713,-0.527473618,0,0,0,-0.008416717,-0.009224664,-0.006863105,-0.019088875,0.223647632,-0.007639911,-0.014156769,15.03538692,-1258.430816,537.1544247,-325.8567062,150.223957,-0.032886224,-0.019933418,0,1,384888888.9,1923733202,4.798078139,21.02155383
COSMOS_19269,early,0.53,1.08,-1.05230217,-2.214476553,0.967613431,1.593466107,1.185176983,-0.301031883,0,0,0,-0.02333799,0.030370725,0.022860133,0.02680424,0.469055017,-0.000238928,0.028587482,4.49093613,-2.08001714,8.076718242,-3.323724174,13.74745478,-0.005775584,0.02666208,0,1,8.36E-05,0.000655936,7.777727318,58.96223752
COSMOS_19210,spiral,3.9,1.22,-0.801594094,-2.756446776,0.744634123,3.191257631,1.26492724,-1.083999199,0,0,0,0.022344815,0.007175504,-0.012605129,0.005753417,0.310855438,0.004869843,0.00646446,6.10263114,-12.47133787,-11.27340441,-4.09646277,-2.801480579,-0.005210686,-0.005760031,0,1,0.000104706,0.000612168,5.699806655,30.63714787
COSMOS_19410,spiral,1.922,2.2,-1.611336251,-2.868864825,1.37556593,2.46864372,1.131587112,0.592015442,0,0,0,-0.007575533,-0.001612984,-0.001862093,-0.0020443,0.496843076,-0.004718813,-0.001828642,10.59681649,-22.64163944,-12.78292023,-11.91330268,-19.3044493,-0.0013463,-0.001054567,0,0,0.00039814,0.001386334,3.218771148,8.455655813
COSMOS_19363,spiral,0.7,1.09,-4.799297328,-3.820587037,0.650601552,3.53024795,2.300041902,0.858916148,0,0,0,0.040618162,-0.007789219,0.014848963,0.016420996,0.484798155,0.027733563,0.004315888,11.43319327,330.5324723,32.90153907,121.1398571,331.6602457,0.012436053,0.001621261,0,1,0.00038215,0.001136626,2.646150216,5.029543997
COSMOS_19405,early,3.191,0.57,-3.249448118,-0.501404221,1.257583657,0.739396918,2.11013263,-0.12701386,0,0,0,0.042051186,-0.006957866,0.022326439,-0.006332139,0.446528391,0.032188813,-0.006645002,6.122264025,-19.45859892,1.877197881,-3.506699726,24.51486336,0.004709912,0.029019257,0,1,0.000134124,0.000837593,6.13993074,36.07659684
COSMOS_19524,spiral,0.71,1.87,-1.225332668,-1.120846394,1.079613472,1.670851638,2.385727996,0.101036762,0,0,0,-0.003810009,0.003236719,0.003306665,-0.035508867,0.290567818,-0.000251672,-0.016136074,8.594062684,-45.75306541,-0.055756715,-3.995681244,-13.57321609,-0.00294574,-0.003223067,0,1,0.000174306,0.000778058,4.252448884,16.1443413
COSMOS_19879,early,2.35,2.22,-1.75583508,-0.162852014,1.484170831,2.162879905,1.567870738,-0.365785439,0,0,0,-0.000915128,0.001080225,0.000862612,-0.002728776,0.428757608,-2.63E-05,-0.000824275,16.83656845,15.06094606,44.77216807,13.69607992,-47.37396643,0.000213234,-9.27E-05,0,0,0.000748923,0.001401406,1.346007878,-0.165788818
COSMOS_19788,early,2.987,2.13,-1.225819384,-2.664142777,1.849116961,0.673032417,1.23216681,0.940618781,0,0,0,0.010059345,0.002316784,0.008730888,0.002276575,0.584527706,0.009395117,0.002296679,9.915544316,-36.64892884,-21.35498564,8.855248665,-29.77392146,-0.000282712,-0.002951029,0,0,0.000375046,0.001338167,3.299297266,8.932495092
COSMOS_19631,spiral,0.993,1.67,-1.712539145,-1.076200376,1.248690803,1.746732474,1.547128513,0.667564917,0,0,0,0.014989734,-0.004651898,0.00512611,-0.020338812,0.330635749,0.010057922,-0.012495355,8.178388127,-7.802487468,-2.747285063,15.45814008,-26.93411882,0.001613852,-0.005155494,0,1,0.000168086,0.00076659,4.350722636,16.97382371
COSMOS_19751,early,0.305,1.7,-5.03660888,-1.135618724,2.18294598,0.200385218,1.357424672,-0.580862897,0,0,0,0.019251817,-0.001924795,0.013946094,-0.034526352,0.332641173,0.016598955,-0.018225574,6.683400157,2.999999696,2.650090401,5.133759481,-24.35548469,0.001893775,-0.005801334,0,1,9.59E-05,0.000592339,6.025695472,34.38904964
COSMOS_20163,early,0.245,2.38,-1.949190701,-1.284718272,2.539175643,0.192915461,1.294304014,1.330217081,0,0,0,0.00310979,0.001691579,-0.000317072,-0.001867481,0.824610303,0.001396359,-8.80E-05,16.07986484,3.720573853,-27.06639966,-12.84397792,-62.10915988,-1.11E-05,-0.000406434,0,0,0.000749868,0.001476852,1.46944231,0.178676213
COSMOS_19757,spiral,0.93,0.55,-2.146372838,-1.772970857,1.248094859,0.986535796,1.724353717,-1.272980614,0,0,0,0.042149257,0.011321779,-0.02422138,0.014907521,0.423506634,0.008963939,0.01311465,5.770056039,16.5967085,3.186840375,-16.09527541,0.630618878,0.002636802,-0.000156838,0,1,0.000110274,0.000644597,5.69663634,30.59156117
COSMOS_19772,spiral,1.04,0.58,-0.731982637,-3.164150294,0.461367623,3.977036232,1.446932317,-1.074253065,0,0,0,-0.033782599,0.023401768,-0.012788356,0.038297343,0.383151339,-0.023285477,0.030849555,6.887585358,1.682034195,33.90892498,-42.06125156,19.70938953,-0.004778659,0.010046242,0,1,0.000126663,0.000680698,5.203817889,25.17066593
COSMOS_20091,early,0.87,2.14,-2.981992671,-0.931087006,2.404782007,0.275603742,1.365850936,-0.568342663,0,0,0,-0.012458578,-0.008812246,-0.003107132,-0.007702903,0.414428284,-0.007782855,-0.008257574,12.73624406,-83.80405152,-83.53096186,10.34511423,26.27986574,-0.001121186,-0.000241516,0,0,0.00049571,0.001278278,2.201162048,2.876439445
COSMOS_20146,spiral,0.55,1.52,-0.952388242,-0.140609836,0.998604703,3.183525005,1.487509966,-1.073419898,0,0,0,0.001388892,-0.003485967,-0.005626948,-0.002689866,0.352694037,-0.002119028,-0.003087917,9.556120999,58.90975889,-19.21080505,-5.591336304,-13.62188999,0.003553653,-0.001549252,0,0,0.000284533,0.000999097,3.23658308,8.514590805
COSMOS_20138,spiral,0.94,1.24,-0.510056006,-1.659432749,0.869289355,3.085531248,1.41155041,-0.989874087,0,0,0,0.002102323,4.56E-05,-0.005539331,0.021065604,0.350545589,-0.001718504,0.010555581,7.503847108,5.72544292,-9.727476908,-4.708035182,8.045818449,-0.001490083,-0.001580532,0,1,0.00015492,0.00074482,4.611098221,19.32087687
COSMOS_20459,early,0.755,2.31,-0.926252536,-0.232391623,2.519737142,0.249519952,1.188112585,0.363295519,0,0,0,0.001191522,0.000535294,0.000626412,-0.005271771,1.079724543,0.000908967,-0.002368238,14.82709041,-28.51370072,10.40743541,22.37131904,-58.74552945,5.89E-05,-0.000697252,0,0,0.000555323,0.001182145,1.664834904,0.786955628
COSMOS_20153,spiral,0.59,1.52,0.531100457,-0.448617131,0.95942118,3.15238821,2.178801795,0.951394359,0,0,0,-0.033216078,0.002866637,-0.014900456,0.00691882,0.271053841,-0.024058267,0.004892728,10.35110147,23.75262554,-1.127428314,-33.94377305,-31.13854693,-0.000751876,-0.000298917,0,1,0.000202188,0.000850296,3.983538085,13.94299474
COSMOS_20312,spiral,3.5296,2.25,-0.835616281,-2.184430325,0.947834126,2.982565443,2.435785461,-0.88159941,0,0,0,-0.00589198,-0.010748019,-0.011603561,0.005579979,0.332062881,-0.00874777,-0.00258402,10.71394848,-113.0576832,47.48263412,-108.1613418,169.4965849,-0.018029424,0.002507923,0,1,0.000382468,0.001353047,3.278652691,8.844497672
COSMOS_20387,early,0.8955,2.34,-1.719231261,-1.498370148,2.323055963,0.221905493,1,0.173934581,0,0,0,0.006367901,-0.002850406,0.001190147,-0.007458447,0.818371787,0.003779024,-0.005154427,9.288395499,-0.33062628,-14.36934804,-4.027143211,-20.91613524,-0.000134771,-0.001777392,0,0,0.000265789,0.000962283,3.352727448,9.274566623
COSMOS_20392,spiral,0.64,0.89,-2.135631579,-1.032546608,0.638068396,3.306939822,1.556713952,-0.916649989,0,0,0,0.014177117,0.021147021,-0.008664464,0.004565332,0.321903338,0.002756327,0.012856177,6.247465211,-6.546640164,-3.563442198,10.35450599,6.719935714,0.00270203,0.005056245,0,1,0.000129667,0.00069128,5.160803189,24.73121983
COSMOS_20486,spiral,0.572,1.31,-0.164544655,-2.320197173,1.388060187,1.755589429,1.817880728,0.539172087,0,0,0,-0.003324135,0.010268349,0.001949493,0.003043815,0.319533944,-0.000687321,0.006656082,10.76854932,3.346084218,6.416668752,11.56381689,-22.79989027,0.001385644,-0.002099716,0,0,0.000259426,0.000938987,3.352096897,9.272030333
COSMOS_20465,spiral,1.611,1.11,-1.457729777,-1.575279876,0.823240051,2.259395704,1.961646338,0.302123223,0,0,0,0.001225388,-0.011443735,0.001966431,-0.028990617,0.414523009,0.00159591,-0.020217176,6.782467259,2.779410871,-14.80058259,1.684547379,0.738064629,0.00292686,-0.002548213,0,1,0.000132014,0.000682692,4.991934793,22.99634409
COSMOS_20467,early,2.7,0.55,1.104327123,-3.097542104,1.196248331,0.920647721,1.363097791,-0.346571221,0,0,0,-0.064208561,0.035609651,0.017432207,0.076106356,0.371139706,-0.023388177,0.055858003,4.815572308,-8.933460015,8.309295163,-0.440314852,7.430721593,-0.006476561,0.016455531,0,1,5.41E-05,0.000439766,8.024332192,62.53432772
COSMOS_20776,spiral,0.575,1.82,-1.275474824,-2.816827267,0.995045078,5.439313894,1.13853993,1.205154526,0,0,0,0.002582994,0.005964325,-0.003455435,0.000868968,0.312637966,-0.00043622,0.003416647,13.28750945,-132.4877088,166.6502952,-11.01640667,184.1871745,-0.003952681,0.005850519,0,0,0.000471406,0.001232513,2.244887501,3.07858265
COSMOS_20992,spiral,0.92,2.18,-2.209519624,-1.741592604,2.188142305,0.438925575,1.144631953,-0.412312484,0,0,0,0.007798321,0.002588456,0.00129294,0.00647305,0.402989451,0.004545631,0.004530753,11.75463858,-38.39334856,-17.88898711,-67.95808351,-46.8393876,-0.003167435,-0.002783566,0,0,0.000367263,0.001106487,2.696446951,5.324480323
COSMOS_20950,spiral,0.75,0.33,-2.732185358,-2.015359318,1.356390059,0.746470872,1.252208286,-0.655529543,0,0,0,0.01452608,-0.001429824,-0.019246096,0.034325553,0.460942082,-0.002360008,0.016447865,4.683558392,8.905013795,-0.465113538,-3.715329095,2.750911993,0.005619147,0.001313375,0,1,7.27E-05,0.000509478,6.893139155,45.69140329
COSMOS_20986,early,0.7412,0.99,0.087432094,-1.214116073,0.916012991,2.248037829,1.628219682,-0.612246941,0,0,0,-0.005377274,0.005877117,-0.003923291,0.000236396,1.200618411,-0.004650282,0.003056757,7.041364391,-8.840874517,10.24463153,-6.884931747,-11.49697704,-0.002009054,-0.001127989,0,0,0.000121882,0.000600654,4.732592367,20.43561678
COSMOS_20987,early,3.939,0.86,-1.33002591,-1.089364034,1.389076849,0.860909796,1.392588762,-0.461627206,0,0,0,-0.012677757,0.005705081,0.003811842,-0.005981534,0.394294257,-0.004432958,-0.000138226,5.791093821,-15.54822785,1.999879551,0.205014608,-6.131721566,-0.006194193,-0.001765417,0,0,8.25E-05,0.000545994,6.484842618,40.16090271
COSMOS_21190,spiral,0.892,1.22,-1.394364451,-2.0659462,0.547036119,4.519738339,2.62408611,-1.180916105,0,0,0,-0.008906382,0.010261176,0.008740898,0.002436276,0.414325064,-8.27E-05,0.006348726,10.73622458,32.721261,-43.22748463,34.01705674,170.7597229,0.009718906,0.013906168,0,1,0.000294555,0.000997213,3.102371276,7.670783345
COSMOS_21155,spiral,1.3019,0.98,-2.791524028,-1.899184573,1.05826706,2.266704361,1.242264835,0.970089651,0,0,0,0.006133408,-0.004519793,0.018825619,0.005934926,0.333822014,0.012479513,0.000707566,6.594062505,-7.622368166,-5.606494564,-17.43040624,-17.30059422,-0.009567185,-0.005840447,0,1,0.00016356,0.000903542,5.361490659,26.85639313
COSMOS_21160,spiral,4.69,0.83,-1.565252854,-1.542078909,1.197846251,1.301858413,2.042198807,0.118875561,0,0,0,-0.013211495,0.000583803,0.014461699,-0.021489968,0.346277457,0.000625102,-0.010453082,6.911308391,-52.35671873,-10.00500686,-3.090683447,12.3827334,-0.009333432,0.003847301,0,1,0.000132042,0.000689531,5.045703605,23.54314878
COSMOS_21307,spiral,2.435,1.76,0.266958935,-2.38491132,1.300430945,3.201495669,1.44149746,-0.086662894,0,0,0,-0.007429369,0.00351734,-0.001738734,0.007501473,0.395205589,-0.004584052,0.005509407,13.87287013,-111.1047403,108.1957867,-50.40554635,85.8950196,-0.001505497,0.002379297,0,0,0.000585498,0.001357097,1.895954818,1.621445228
COSMOS_21293,spiral,4.127,0.94,1.500002906,-2.500000519,1.759348457,1.924522912,1.563734827,-0.219683714,0,0,0,-0.017678118,-0.001734959,0.007680502,0.005178921,0.347382512,-0.004998808,0.001721981,13.62031446,-174.4485373,34.69696515,126.4520988,-25.74753651,0.0007047,-0.000207134,0,0,0.000315472,0.001033667,2.983399628,6.944563188
COSMOS_21366,spiral,0.258,1.2,-0.446742481,-2.577829268,0.968559934,1.818610063,1.718388022,-1.737501243,0,0,0,-0.012739026,0.014063349,0.000635283,0.01848085,0.408458902,-0.006051871,0.0162721,6.562530439,6.720160405,-3.987313496,3.668549241,59.20007311,0.005924721,0.006203606,0,1,0.000138054,0.000702109,4.905523516,22.15230145
COSMOS_21596,early,1.47,1.79,-0.05771163,-1.963656149,1.785324832,1.002951742,2.250113227,-0.364051415,0,0,0,-0.018797967,0.000821997,-0.002507511,0.001567129,1.454481722,-0.010652739,0.001194563,18.18443574,-231.9538974,-126.5025288,-280.9734943,-179.6490236,-0.010810807,0.001746874,0,1,0.001162847,0.00170892,0.799967263,-1.336306401
COSMOS_21694,early,0.877,1.25,-0.693747746,-0.787097878,1.478024374,1.078462365,1.139268563,0.723559128,0,0,0,0.020691562,-0.011169259,0.001542356,-0.01990061,0.59879993,0.011116959,-0.015534934,7.936720163,0.41371719,-2.652185349,-4.994099128,-16.95052346,-0.000460976,-0.002250671,0,1,0.000162361,0.000757674,4.463656731,17.98068187
COSMOS_21602,spiral,0.71,1.61,-0.94493017,-2.488470048,0.752403879,3.031035442,2.970409403,-0.270266798,0,0,0,0.00300119,-0.001455558,-0.020196731,-0.044638336,0.268909759,-0.00859777,-0.023046947,9.944063275,104.9621965,-0.404611202,-29.88644988,19.43527883,-0.000461449,0.003291422,0,1,0.000264809,0.000951889,3.328917656,9.13089421
COSMOS_21641,spiral,0.4,1.15,0.678668292,-1.692903739,0.968636021,2.397652853,2.040719464,0.456751781,0,0,0,-0.002300153,-0.003733733,-0.001553838,-0.005857728,0.395849175,-0.001926995,-0.00479573,8.687796808,151.6703806,115.0299101,69.81212887,119.9566581,0.010678108,0.02268452,0,0,0.00025579,0.000978354,3.59251101,11.02925407
COSMOS_22228,early,0.6,2.32,-2.754487463,-1.950649126,2.840743179,0.093781841,1.475993983,1.382974321,0,0,0,0.003886718,-0.001950443,0.002771602,0.005988889,0.834398729,0.00332916,0.002019223,17.36958893,76.58530212,-2.945206721,86.97167342,278.6205385,0.000943076,0.000478642,0,0,0.000855769,0.001560618,1.283440953,-0.333041849
COSMOS_21804,spiral,1.033,1.81,-0.059619503,-0.687544756,1.380896947,1.850905446,1.355935364,-0.731636036,0,0,0,-0.007038846,-0.003988723,0.00927163,0.010476253,0.324589747,0.001116392,0.003243765,10.22223018,-14.20902722,-16.60078755,35.45892104,79.71739204,0.001516977,0.004377861,0,0,0.000260885,0.000965882,3.4526139,10.00418029
COSMOS_21775,spiral,0.87,1.1,-0.189246586,-1.069625587,1.27238815,2.980530759,1.517323732,-0.776275975,0,0,0,-0.003845133,0.006209271,-0.007439412,-0.017708747,0.432976383,-0.005642273,-0.005749738,13.37818445,-153.1893172,1.667468857,3.144258539,43.87545371,-0.009972247,0.002021684,0,0,0.000433555,0.00107318,2.076794423,2.32926768
COSMOS_21865,early,1.3168,1.2,-1.321577592,-1.043389867,0.9747135,2.917334732,1.505573938,0.84553193,0,0,0,0.010140147,-0.004812419,-0.001423598,-0.015882297,0.798157166,0.004358275,-0.010347358,9.455780568,31.21508741,11.57603187,-21.04541686,-33.21665002,8.83E-05,-0.001632798,0,0,0.000263445,0.000951083,3.342982414,9.214726447
COSMOS_22136,early,0.53,1.34,-0.712714665,-1.362709525,1.26425783,3.498668291,1.080182529,-1.767386456,0,0,0,-0.001077866,-0.00432772,-0.002133367,-0.001820626,0.861103392,-0.001605617,-0.003074173,15.18687344,-235.7754325,-34.84597244,-77.26605508,-193.4046971,-0.002379451,-0.001824509,0,0,0.00070256,0.001473356,1.627109427,0.665696409
COSMOS_21970,early,0.55,1.02,-1.689534048,-0.886384442,0.844436222,1.914422564,1.772979772,0.396625729,0,0,0,0.009491101,-0.011894676,0.010493859,-0.057356355,0.45123006,0.00999248,-0.034625515,6.055382343,-1.856324215,-6.354697651,-3.793767755,-12.06218689,-0.001305843,-0.004760278,0,1,0.000112848,0.000639741,5.501975506,28.32738107
COSMOS_22051,spiral,0.38,1.12,-2.402335124,0.234337953,1.128123961,1.548122726,1.261882558,-0.264889911,0,0,0,0.026753274,-0.004241275,-0.01171549,0.009873333,0.319853476,0.007518892,0.002816029,6.800889108,27.59856881,43.45584141,-4.437396605,23.77686432,-0.00237964,0.014555197,0,1,0.000212628,0.001056532,4.788332467,21.04233165
COSMOS_22216,early,0.2968,1.62,-2.884913697,-1.1095284,1.265670329,1.36160829,1.722923924,0.111279477,0,0,0,0.001074511,-0.001414168,0.005913271,-0.029523508,0.568947491,0.003493891,-0.015468838,8.153448496,9.567412856,-8.884077626,2.133094765,-21.79888768,0.00104377,-0.00343835,0,1,0.000205753,0.000859656,3.953946228,13.70197055
COSMOS_22177,spiral,0.535,0.61,-1.278710104,0.322652641,1.358935883,0.942193055,1.080184253,-1.450202378,0,0,0,-0.066813643,-0.007529508,0.017668359,0.023987723,0.290778347,-0.024572642,0.008229107,4.696220955,-12.7121982,-1.002980366,7.844226205,7.494075642,-0.00686774,0.02124801,0,1,0.000104525,0.000877947,8.364086016,68.86239614
COSMOS_22338,early,2.91,1.67,-2.834551796,0.028412789,0.783975681,3.165152311,1.282821402,1.437777697,0,0,0,0.011283708,-0.007991738,0.00434271,-0.02181464,0.735345826,0.007813209,-0.014903189,6.962262708,19.39029051,6.815322013,12.06229413,7.54374077,0.005969816,0.002367122,0,1,0.000212946,0.00106271,4.806909538,21.2034662
COSMOS_22609,early,1.2511,2.28,-2.70758628,0.046597607,2.081527587,0.371566925,1.268282958,0.578208859,0,0,0,-0.005766189,0.000116377,0.003133122,-0.015855268,0.592465597,-0.001316534,-0.007869446,10.41680253,-56.64360276,11.84724419,-24.41113476,-73.04403747,-0.002452862,-0.003547808,0,0,0.000511303,0.001606616,2.833671421,6.067579855
COSMOS_22602,spiral,1.65,0.99,-1.769125351,-1.872105092,1.05528598,2.182027964,2.475887658,1.105300091,0,0,0,-0.008980994,0.001191775,-0.005999766,0.007354945,0.321521238,-0.00749038,0.00427336,10.06098417,-62.19757658,-46.29939088,38.72136169,-15.21857219,0.000489114,-0.007336752,0,0,0.000309576,0.001053554,3.122511419,7.800122111
COSMOS_22997,early,1.22,2.42,-1.111387155,0.440649538,2.199579147,0.426824629,1.049873184,0.790782869,0,0,0,-0.003924485,-0.003249008,0.001267647,-0.003432881,0.391584148,-0.001328419,-0.003340945,12.21050127,-7.309359334,-27.46195333,-5.766386864,11.51435387,-0.000189531,-0.000218072,0,0,0.000572368,0.001681108,2.603059186,4.799143255
COSMOS_22936,early,0.588,1.89,-1.392643671,-0.253892579,0.969014093,2.772742914,1.231278107,0.256616209,0,0,0,-0.001368055,-0.008543974,0.004629561,-0.014390614,0.444584261,0.001630753,-0.011467294,8.060613241,-10.83067415,-2.811642428,5.305094574,-0.395707964,-0.000416494,-0.000197429,0,1,0.00025917,0.001170211,4.309200239,16.65062276
COSMOS_23012,early,0.686,0.81,-3.099279895,-1.60913721,1.430428849,0.931804163,1.204974868,-0.435832337,0,0,0,0.021871203,0.00700426,0.001685531,0.025043946,0.581711041,0.011778367,0.016024103,7.008594425,18.39815974,19.77338888,-3.884000923,-14.28157772,0.00348243,-0.000151617,0,1,0.000235782,0.001107956,4.514362222,18.52284803
COSMOS_23042,early,2.848,1.05,-3.022572419,-0.000898275,1.579661275,0.589674023,1.580083604,0.077137919,0,0,0,-0.005586246,-0.011408897,0.001668976,-0.037618504,0.577118737,-0.001958635,-0.024513701,8.050081612,-48.02557956,-29.49925877,-8.893070188,-16.06590138,-0.004305603,-0.003283202,0,1,0.000475583,0.001847352,3.716861978,12.35122726
COSMOS_23247,early,1.787,2.41,-1.699491441,-0.24574139,2.203447062,0.27873929,1.762245087,0.9476984,0,0,0,0.006102467,-0.005083577,0.002006703,-0.006351559,0.826467152,0.004054585,-0.005717568,11.46887321,18.36512126,-23.39718473,0.489672443,-22.22329934,0.00167006,-0.001476358,0,0,0.000556128,0.001653825,2.651518465,5.079591878
COSMOS_23253,early,1.061,1.66,-2.051629961,-0.002289243,1.447013796,1.303355015,1.45473374,-1.165498927,0,0,0,-0.00052622,-0.001428555,-0.001154239,-0.000523901,0.593803398,-0.000840229,-0.000976228,9.463820324,-2.707205746,-8.076467066,-10.72390122,20.28775185,-0.000854064,4.14E-05,0,0,0.000392757,0.001418403,3.352398183,9.310420548
COSMOS_23782,spiral,0.872,1.04,-3.634773614,-1.893760568,0.771410735,5.140703867,1.196157487,0.631124977,0,0,0,0.01849018,0.005395167,0.008540592,0.009508854,0.427285203,0.013515386,0.00745201,9.624614502,96.61398332,11.82913668,44.30547491,-53.8886435,0.011104192,-0.006301382,0,1,0.000409071,0.001453071,3.283830809,8.840914455
COSMOS_24128,spiral,0.43,1.21,-1.980505711,-1.633822887,2.818974487,0.066045442,1.130123117,-1.493124223,0,0,0,-0.011067137,0.019260966,0.010207716,-0.024245583,0.399243161,-0.00042971,-0.002492308,15.89019097,821.5832687,41.73518716,213.8741124,-655.8784255,0.009822937,0.000267688,0,1,0.001550526,0.003147494,1.57896127,0.612929926
COSMOS_25781,spiral,1.6882,2.17,-1.240930064,-3.340070677,0.469702652,6.47820217,2.876039491,0.826224788,0,0,0,-0.014579644,0.012679506,-0.012055203,0.019006737,0.355286793,-0.013317424,0.015843122,14.16498614,109.3439429,167.9428726,116.7877951,209.3470262,0.00215618,0.006632505,0,1,0.001267475,0.002816189,1.816321055,1.429858468
COSMOS_25935,early,1.5705,1.96,-1.786655973,-1.322680915,1.118106241,1.42849391,1.646393341,1.618779201,0,0,0,0.025834529,0.003280712,0.000699015,0.010352968,0.738021001,0.013266772,0.00681684,5.685169088,2.194401249,0.255896297,5.297448472,1.087977067,0.003702262,-0.000319502,0,1,0.000161577,0.001085417,6.630486138,42.39921899
